Country Name,Country Code,Series Name,Series Code,2017 [YR2017],2018 [YR2018],2019 [YR2019]
Afghanistan,AFG,Exports of goods and services (current US$),NE.EXP.GNFS.CD,..,..,..
Afghanistan,AFG,"Imports of goods and services (BoP, current US$)",BM.GSR.GNFS.CD,7956456168.29306,7983854240.16617,7370791520.56327
Albania,ALB,Exports of goods and services (current US$),NE.EXP.GNFS.CD,4110293870.69689,4785182221.9259,4821430666.52656
Albania,ALB,"Imports of goods and services (BoP, current US$)",BM.GSR.GNFS.CD,6122452299.79361,6854286781.72703,6925814672.05683
Algeria,DZA,Exports of goods and services (current US$),NE.EXP.GNFS.CD,38511674028.6667,45231560891.9383,38999162479.062
Algeria,DZA,"Imports of goods and services (BoP, current US$)",BM.GSR.GNFS.CD,60127885210.1899,..,..
American Samoa,ASM,Exports of goods and services (current US$),NE.EXP.GNFS.CD,362000000,438000000,..
American Samoa,ASM,"Imports of goods and services (BoP, current US$)",BM.GSR.GNFS.CD,..,..,..
Andorra,AND,Exports of goods and services (current US$),NE.EXP.GNFS.CD,..,..,..
Andorra,AND,"Imports of goods and services (BoP, current US$)",BM.GSR.GNFS.CD,..,..,..
Angola,AGO,Exports of goods and services (current US$),NE.EXP.GNFS.CD,35420915616.9387,41388899132.5883,36020868041.6791
Angola,AGO,"Imports of goods and services (BoP, current US$)",BM.GSR.GNFS.CD,28256537255.8004,25887355607.4086,22299328651.1375
Antigua and Barbuda,ATG,Exports of goods and services (current US$),NE.EXP.GNFS.CD,990296296.296296,1151703703.7037,..
Antigua and Barbuda,ATG,"Imports of goods and services (BoP, current US$)",BM.GSR.GNFS.CD,970692123.152667,1115054157.72354,..
Arab World,ARB,Exports of goods and services (current US$),NE.EXP.GNFS.CD,1125081734176.18,1318919927659.46,1273419126714.2
Arab World,ARB,"Imports of goods and services (BoP, current US$)",BM.GSR.GNFS.CD,1022899193514.95,1102091770287.99,1110472666639.19
Argentina,ARG,Exports of goods and services (current US$),NE.EXP.GNFS.CD,72860588696.6328,75676150102.3873,77684320032.9072
Argentina,ARG,"Imports of goods and services (BoP, current US$)",BM.GSR.GNFS.CD,89310577213.5266,86783019877.1844,66277664569.6775
Armenia,ARM,Exports of goods and services (current US$),NE.EXP.GNFS.CD,4405338828.34724,4907543853.58308,5631686117.72708
Armenia,ARM,"Imports of goods and services (BoP, current US$)",BM.GSR.GNFS.CD,5650559503.77429,6609502522.99124,7469489646.67263
Aruba,ABW,Exports of goods and services (current US$),NE.EXP.GNFS.CD,2241340782.1229,..,..
Aruba,ABW,"Imports of goods and services (BoP, current US$)",BM.GSR.GNFS.CD,2038205647.6442,2272900438.38577,2252067543.90886
Australia,AUS,Exports of goods and services (current US$),NE.EXP.GNFS.CD,281864393996.531,312681962638.555,336725790301.817
Australia,AUS,"Imports of goods and services (BoP, current US$)",BM.GSR.GNFS.CD,289537678516.312,310225664276.837,295555960123.326
Austria,AUT,Exports of goods and services (current US$),NE.EXP.GNFS.CD,225532509835.271,253446654971.686,247353333587.294
Austria,AUT,"Imports of goods and services (BoP, current US$)",BM.GSR.GNFS.CD,212901579390.896,238793631749.652,232801418746.672
Azerbaijan,AZE,Exports of goods and services (current US$),NE.EXP.GNFS.CD,19839356263.0723,25484470588.2353,23629647058.8235
Azerbaijan,AZE,"Imports of goods and services (BoP, current US$)",BM.GSR.GNFS.CD,17105068000,17705199000,17712459100.0138
"Bahamas, The",BHS,Exports of goods and services (current US$),NE.EXP.GNFS.CD,4538800000,5132000000,5328800000
"Bahamas, The",BHS,"Imports of goods and services (BoP, current US$)",BM.GSR.GNFS.CD,4921466372.68991,5133821773.77056,4791899151.76885
Bahrain,BHR,Exports of goods and services (current US$),NE.EXP.GNFS.CD,26881914893.617,29959042553.1915,..
Bahrain,BHR,"Imports of goods and services (BoP, current US$)",BM.GSR.GNFS.CD,23876329787.234,27186968085.1064,..
Bangladesh,BGD,Exports of goods and services (current US$),NE.EXP.GNFS.CD,37546818877.6792,40560411465.9792,46363741962.7091
Bangladesh,BGD,"Imports of goods and services (BoP, current US$)",BM.GSR.GNFS.CD,56764922839.7063,65585208867.4853,64421065790.1923
Barbados,BRB,Exports of goods and services (current US$),NE.EXP.GNFS.CD,2100297550,2100093700,2188203000
Barbados,BRB,"Imports of goods and services (BoP, current US$)",BM.GSR.GNFS.CD,..,..,..
Belarus,BLR,Exports of goods and services (current US$),NE.EXP.GNFS.CD,36551674170.6774,42295053003.5336,41905201262.0709
Belarus,BLR,"Imports of goods and services (BoP, current US$)",BM.GSR.GNFS.CD,36495300000,41338700000,42369000000
Belgium,BEL,Exports of goods and services (current US$),NE.EXP.GNFS.CD,418211812445.412,451227129596.549,436269291741.176
Belgium,BEL,"Imports of goods and services (BoP, current US$)",BM.GSR.GNFS.CD,412897593697.458,452533538286.1,433044586140.287
Belize,BLZ,Exports of goods and services (current US$),NE.EXP.GNFS.CD,1009694450,1079726300,1084579350
Belize,BLZ,"Imports of goods and services (BoP, current US$)",BM.GSR.GNFS.CD,1087886311.08089,1155093354.25485,1232192415.35216
Benin,BEN,Exports of goods and services (current US$),NE.EXP.GNFS.CD,3455561315.16264,3889961780.11204,4264042971.65289
Benin,BEN,"Imports of goods and services (BoP, current US$)",BM.GSR.GNFS.CD,4017845451.13085,4668665792.69971,..
Bermuda,BMU,Exports of goods and services (current US$),NE.EXP.GNFS.CD,3466748000,3703900000,3759931000
Bermuda,BMU,"Imports of goods and services (BoP, current US$)",BM.GSR.GNFS.CD,2044357675.03336,2121269459.94406,..
Bhutan,BTN,Exports of goods and services (current US$),NE.EXP.GNFS.CD,737147921.73411,754068095.24854,860578270.754314
Bhutan,BTN,"Imports of goods and services (BoP, current US$)",BM.GSR.GNFS.CD,1234918506.57475,1260911285.0785,1241567454.63458
Bolivia,BOL,Exports of goods and services (current US$),NE.EXP.GNFS.CD,9341206390.69807,10470274257.4627,10210442517.0918
Bolivia,BOL,"Imports of goods and services (BoP, current US$)",BM.GSR.GNFS.CD,11762009850.4516,12443964233.1397,11976428328.8021
Bosnia and Herzegovina,BIH,Exports of goods and services (current US$),NE.EXP.GNFS.CD,7382217932.46514,8501630054.31503,8076578902.18076
Bosnia and Herzegovina,BIH,"Imports of goods and services (BoP, current US$)",BM.GSR.GNFS.CD,10372840125.2054,11549801483.5484,11148784005.6455
Botswana,BWA,Exports of goods and services (current US$),NE.EXP.GNFS.CD,6904812503.6241,7528334921.56863,6160141513.03006
Botswana,BWA,"Imports of goods and services (BoP, current US$)",BM.GSR.GNFS.CD,6340735012.33279,7312140051.84128,..
Brazil,BRA,Exports of goods and services (current US$),NE.EXP.GNFS.CD,258329886570.157,280742690897.148,263497852452.782
Brazil,BRA,"Imports of goods and services (BoP, current US$)",BM.GSR.GNFS.CD,226514898036.35,257663477835.22,254722826457.9
British Virgin Islands,VGB,Exports of goods and services (current US$),NE.EXP.GNFS.CD,..,..,..
British Virgin Islands,VGB,"Imports of goods and services (BoP, current US$)",BM.GSR.GNFS.CD,..,..,..
Brunei Darussalam,BRN,Exports of goods and services (current US$),NE.EXP.GNFS.CD,6012294735.31755,7045834309.43732,7804997287.78771
Brunei Darussalam,BRN,"Imports of goods and services (BoP, current US$)",BM.GSR.GNFS.CD,4320510018.7501,5681696874.53474,6805793041.86536
Bulgaria,BGR,Exports of goods and services (current US$),NE.EXP.GNFS.CD,39675532699.5102,43591843693.4218,44009023468.8037
Bulgaria,BGR,"Imports of goods and services (BoP, current US$)",BM.GSR.GNFS.CD,37239440000,41496250000,40849240000
Burkina Faso,BFA,Exports of goods and services (current US$),NE.EXP.GNFS.CD,3731626622.06429,4517544324.79096,4056716092.88783
Burkina Faso,BFA,"Imports of goods and services (BoP, current US$)",BM.GSR.GNFS.CD,4629393892.1884,5166928038.8901,..
Burundi,BDI,Exports of goods and services (current US$),NE.EXP.GNFS.CD,236167733.241568,285503118.549762,275062068.739445
Burundi,BDI,"Imports of goods and services (BoP, current US$)",BM.GSR.GNFS.CD,885421946.40787,905294483.669827,..
Cabo Verde,CPV,Exports of goods and services (current US$),NE.EXP.GNFS.CD,812736072.667436,968366815.998092,1008054463.88803
Cabo Verde,CPV,"Imports of goods and services (BoP, current US$)",BM.GSR.GNFS.CD,1179579876.70898,1335845828.69856,1291419201.98317
Cambodia,KHM,Exports of goods and services (current US$),NE.EXP.GNFS.CD,13457559457.2629,15135150382.1529,16549259440.9858
Cambodia,KHM,"Imports of goods and services (BoP, current US$)",BM.GSR.GNFS.CD,18246676109.7443,21862705608.1586,25515540744.8225
Cameroon,CMR,Exports of goods and services (current US$),NE.EXP.GNFS.CD,6506092153.93536,7473268802.66596,7885214648.64118
Cameroon,CMR,"Imports of goods and services (BoP, current US$)",BM.GSR.GNFS.CD,7271200972.12933,8422507281.96614,..
Canada,CAN,Exports of goods and services (current US$),NE.EXP.GNFS.CD,518235397597.284,550529196589.897,549482700560.327
Canada,CAN,"Imports of goods and services (BoP, current US$)",BM.GSR.GNFS.CD,554855685693.338,584174762267.095,578749593810.266
Caribbean small states,CSS,Exports of goods and services (current US$),NE.EXP.GNFS.CD,..,..,..
Caribbean small states,CSS,"Imports of goods and services (BoP, current US$)",BM.GSR.GNFS.CD,32970810672.8425,35289713609.8873,..
Cayman Islands,CYM,Exports of goods and services (current US$),NE.EXP.GNFS.CD,..,..,..
Cayman Islands,CYM,"Imports of goods and services (BoP, current US$)",BM.GSR.GNFS.CD,2195360763.00184,..,..
Central African Republic,CAF,Exports of goods and services (current US$),NE.EXP.GNFS.CD,357682947.600536,419401328.480781,414205622.696962
Central African Republic,CAF,"Imports of goods and services (BoP, current US$)",BM.GSR.GNFS.CD,..,..,..
Central Europe and the Baltics,CEB,Exports of goods and services (current US$),NE.EXP.GNFS.CD,942778190415.806,1058039728342.62,1056492838848.78
Central Europe and the Baltics,CEB,"Imports of goods and services (BoP, current US$)",BM.GSR.GNFS.CD,894213688759.005,1017989771493.76,1001684514277.92
Chad,TCD,Exports of goods and services (current US$),NE.EXP.GNFS.CD,3387430128.68017,4067531256.38563,4157368098.56787
Chad,TCD,"Imports of goods and services (BoP, current US$)",BM.GSR.GNFS.CD,..,..,..
Channel Islands,CHI,Exports of goods and services (current US$),NE.EXP.GNFS.CD,..,..,..
Channel Islands,CHI,"Imports of goods and services (BoP, current US$)",BM.GSR.GNFS.CD,..,..,..
Chile,CHL,Exports of goods and services (current US$),NE.EXP.GNFS.CD,78790199944.6259,85257763802.9178,79613395185.9381
Chile,CHL,"Imports of goods and services (BoP, current US$)",BM.GSR.GNFS.CD,75085023489.7674,85158706133.6264,80237779208.1644
China,CHN,Exports of goods and services (current US$),NE.EXP.GNFS.CD,2424199911705.08,2655591916228.46,2641273365373.5
China,CHN,"Imports of goods and services (BoP, current US$)",BM.GSR.GNFS.CD,2212267456271.44,2548007453717.03,2479254939622.91
Colombia,COL,Exports of goods and services (current US$),NE.EXP.GNFS.CD,47235694691.1413,53017149213.859,51123470287.0702
Colombia,COL,"Imports of goods and services (BoP, current US$)",BM.GSR.GNFS.CD,56685359888.4449,63089059294.9745,64698357605.5468
Comoros,COM,Exports of goods and services (current US$),NE.EXP.GNFS.CD,128229503.784909,156131476.712545,149339045.758336
Comoros,COM,"Imports of goods and services (BoP, current US$)",BM.GSR.GNFS.CD,305300295.235049,350550975.635886,..
"Congo, Dem. Rep.",COD,Exports of goods and services (current US$),NE.EXP.GNFS.CD,13401989661.626,16080742572.5421,15173271455.9601
"Congo, Dem. Rep.",COD,"Imports of goods and services (BoP, current US$)",BM.GSR.GNFS.CD,13062675382.7566,17774432914.1415,16891705449.091
"Congo, Rep.",COG,Exports of goods and services (current US$),NE.EXP.GNFS.CD,6442159723.46483,9709768353.74784,8475348645.10139
"Congo, Rep.",COG,"Imports of goods and services (BoP, current US$)",BM.GSR.GNFS.CD,..,..,..
Costa Rica,CRI,Exports of goods and services (current US$),NE.EXP.GNFS.CD,19160941533.6844,20272942762.9566,20884707651.5941
Costa Rica,CRI,"Imports of goods and services (BoP, current US$)",BM.GSR.GNFS.CD,19012874739.1111,19764377539.5603,19611640893.7928
Cote d'Ivoire,CIV,Exports of goods and services (current US$),NE.EXP.GNFS.CD,12855832026.0491,13134192041.8978,13918496153.8527
Cote d'Ivoire,CIV,"Imports of goods and services (BoP, current US$)",BM.GSR.GNFS.CD,11848917548.7643,12934097473.1047,..
Croatia,HRV,Exports of goods and services (current US$),NE.EXP.GNFS.CD,27673923003.0161,30811066855.2486,31567697384.1087
Croatia,HRV,"Imports of goods and services (BoP, current US$)",BM.GSR.GNFS.CD,27414075589.283,31323161829.0891,31390349639.7261
Cuba,CUB,Exports of goods and services (current US$),NE.EXP.GNFS.CD,14083000000,14505000000,..
Cuba,CUB,"Imports of goods and services (BoP, current US$)",BM.GSR.GNFS.CD,..,..,..
Curacao,CUW,Exports of goods and services (current US$),NE.EXP.GNFS.CD,..,..,..
Curacao,CUW,"Imports of goods and services (BoP, current US$)",BM.GSR.GNFS.CD,2432779731.60894,2784741513.58101,2329927116.51955
Cyprus,CYP,Exports of goods and services (current US$),NE.EXP.GNFS.CD,16705465431.5409,19040523145.9613,17931937758.8716
Cyprus,CYP,"Imports of goods and services (BoP, current US$)",BM.GSR.GNFS.CD,16677286594.2161,17997006771.4369,17223868962.1719
Czech Republic,CZE,Exports of goods and services (current US$),NE.EXP.GNFS.CD,172776198149.125,191590012233.518,186483271375.465
Czech Republic,CZE,"Imports of goods and services (BoP, current US$)",BM.GSR.GNFS.CD,156979845970.984,176775093274.284,171397382669.955
Denmark,DNK,Exports of goods and services (current US$),NE.EXP.GNFS.CD,182923569688.047,200901417307.833,204185256980.275
Denmark,DNK,"Imports of goods and services (BoP, current US$)",BM.GSR.GNFS.CD,158991275630.837,176471249716.111,171744525877.569
Djibouti,DJI,Exports of goods and services (current US$),NE.EXP.GNFS.CD,4067437542.20122,4494480081.02633,..
Djibouti,DJI,"Imports of goods and services (BoP, current US$)",BM.GSR.GNFS.CD,4306043214.04457,4188971415.71011,..
Dominica,DMA,Exports of goods and services (current US$),NE.EXP.GNFS.CD,219990518.518519,162867851.851852,219805148.148148
Dominica,DMA,"Imports of goods and services (BoP, current US$)",BM.GSR.GNFS.CD,322069276.250701,431429032.328022,..
Dominican Republic,DOM,Exports of goods and services (current US$),NE.EXP.GNFS.CD,18945236857.4222,20149516087.1076,20518119286.5394
Dominican Republic,DOM,"Imports of goods and services (BoP, current US$)",BM.GSR.GNFS.CD,21041300000,23607400000,24181200000
Early-demographic dividend,EAR,Exports of goods and services (current US$),NE.EXP.GNFS.CD,2714142573637.06,3050007009074.91,3032718470335.8
Early-demographic dividend,EAR,"Imports of goods and services (BoP, current US$)",BM.GSR.GNFS.CD,2918434945695.64,3198915290590.18,3080262491056.67
East Asia & Pacific,EAS,Exports of goods and services (current US$),NE.EXP.GNFS.CD,7087546907760.2,7698513154478.09,7565707683994.91
East Asia & Pacific,EAS,"Imports of goods and services (BoP, current US$)",BM.GSR.GNFS.CD,6565995475664.36,7358662238407.33,7136084487406.05
East Asia & Pacific (excluding high income),EAP,Exports of goods and services (current US$),NE.EXP.GNFS.CD,3544203023104.15,3884341645359.77,3870382935307.31
East Asia & Pacific (excluding high income),EAP,"Imports of goods and services (BoP, current US$)",BM.GSR.GNFS.CD,3251280860312.87,3722218666761.12,3645615783966.28
East Asia & Pacific (IDA & IBRD countries),TEA,Exports of goods and services (current US$),NE.EXP.GNFS.CD,3540051200815.66,3879716585945.21,3865765559546.42
East Asia & Pacific (IDA & IBRD countries),TEA,"Imports of goods and services (BoP, current US$)",BM.GSR.GNFS.CD,3245411660239.6,3715489291342.73,3639024898411.75
Ecuador,ECU,Exports of goods and services (current US$),NE.EXP.GNFS.CD,21727767000,24314052000,25129245000
Ecuador,ECU,"Imports of goods and services (BoP, current US$)",BM.GSR.GNFS.CD,23012083554.5552,26289043571.6862,25831298203.5441
"Egypt, Arab Rep.",EGY,Exports of goods and services (current US$),NE.EXP.GNFS.CD,37289402173.913,47225661226.7867,53041002277.9043
"Egypt, Arab Rep.",EGY,"Imports of goods and services (BoP, current US$)",BM.GSR.GNFS.CD,70224100000,76328100000,78950800000
El Salvador,SLV,Exports of goods and services (current US$),NE.EXP.GNFS.CD,7251410000,7517170000,7982940000
El Salvador,SLV,"Imports of goods and services (BoP, current US$)",BM.GSR.GNFS.CD,11336179943.2413,12638948592.6437,12872829177.9627
Equatorial Guinea,GNQ,Exports of goods and services (current US$),NE.EXP.GNFS.CD,7181837392.04249,7809387582.7825,6079488181.65216
Equatorial Guinea,GNQ,"Imports of goods and services (BoP, current US$)",BM.GSR.GNFS.CD,..,..,..
Eritrea,ERI,Exports of goods and services (current US$),NE.EXP.GNFS.CD,..,..,..
Eritrea,ERI,"Imports of goods and services (BoP, current US$)",BM.GSR.GNFS.CD,..,..,..
Estonia,EST,Exports of goods and services (current US$),NE.EXP.GNFS.CD,20385987018.1789,22703453650.2651,22945209656.9647
Estonia,EST,"Imports of goods and services (BoP, current US$)",BM.GSR.GNFS.CD,19343561598.4927,21889472748.3976,21678234589.3115
Eswatini,SWZ,Exports of goods and services (current US$),NE.EXP.GNFS.CD,1915868748.78089,1886791240.24743,2052248996.53979
Eswatini,SWZ,"Imports of goods and services (BoP, current US$)",BM.GSR.GNFS.CD,1947794179.06592,2066910588.82871,1926374039.88817
Ethiopia,ETH,Exports of goods and services (current US$),NE.EXP.GNFS.CD,6238595144.93368,7055599390.22989,7615437260.73101
Ethiopia,ETH,"Imports of goods and services (BoP, current US$)",BM.GSR.GNFS.CD,19310435700.1672,19928882545.9291,..
Euro area,EMU,Exports of goods and services (current US$),NE.EXP.GNFS.CD,5990706468525.54,6577211368968.93,6429389958646.07
Euro area,EMU,"Imports of goods and services (BoP, current US$)",BM.GSR.GNFS.CD,5460395812579.72,6047346781000.13,5961820761839.88
Europe & Central Asia,ECS,Exports of goods and services (current US$),NE.EXP.GNFS.CD,9434820830159.17,10418345153845.4,10253363976184.5
Europe & Central Asia,ECS,"Imports of goods and services (BoP, current US$)",BM.GSR.GNFS.CD,8734265860912.58,9595571186495.64,9495108481568.35
Europe & Central Asia (excluding high income),ECA,Exports of goods and services (current US$),NE.EXP.GNFS.CD,922471809380.164,1085922757948.32,1071635407449.15
Europe & Central Asia (excluding high income),ECA,"Imports of goods and services (BoP, current US$)",BM.GSR.GNFS.CD,882637688648.591,935672432985.701,940320570462.677
Europe & Central Asia (IDA & IBRD countries),TEC,Exports of goods and services (current US$),NE.EXP.GNFS.CD,1324272523572.56,1542292700101.05,1535099513140.68
Europe & Central Asia (IDA & IBRD countries),TEC,"Imports of goods and services (BoP, current US$)",BM.GSR.GNFS.CD,1268523006298.54,1380825167903.36,1381033479871.85
European Union,EUU,Exports of goods and services (current US$),NE.EXP.GNFS.CD,7147456904021.32,7858007023321.11,7711425858571.94
European Union,EUU,"Imports of goods and services (BoP, current US$)",BM.GSR.GNFS.CD,6537333269205.86,7256442797380.03,7148492859871.08
Faroe Islands,FRO,Exports of goods and services (current US$),NE.EXP.GNFS.CD,1645246785.50334,1606483387.70468,..
Faroe Islands,FRO,"Imports of goods and services (BoP, current US$)",BM.GSR.GNFS.CD,..,..,..
Fiji,FJI,Exports of goods and services (current US$),NE.EXP.GNFS.CD,2461705936.42653,2674235891.53971,..
Fiji,FJI,"Imports of goods and services (BoP, current US$)",BM.GSR.GNFS.CD,2728917860.5842,3095020409.42192,3208148732.75794
Finland,FIN,Exports of goods and services (current US$),NE.EXP.GNFS.CD,95994657970.5884,106288267791.372,108199450321.568
Finland,FIN,"Imports of goods and services (BoP, current US$)",BM.GSR.GNFS.CD,95955454866.0119,109179728027.628,106495286379.383
Fragile and conflict affected situations,FCS,Exports of goods and services (current US$),NE.EXP.GNFS.CD,335041363269.091,422035095690.02,..
Fragile and conflict affected situations,FCS,"Imports of goods and services (BoP, current US$)",BM.GSR.GNFS.CD,336358546937.646,396706748907.463,..
France,FRA,Exports of goods and services (current US$),NE.EXP.GNFS.CD,803163777629.413,884286927396.078,862766690486.273
France,FRA,"Imports of goods and services (BoP, current US$)",BM.GSR.GNFS.CD,858197178289.032,947309863801.217,919631599016.162
French Polynesia,PYF,Exports of goods and services (current US$),NE.EXP.GNFS.CD,..,..,..
French Polynesia,PYF,"Imports of goods and services (BoP, current US$)",BM.GSR.GNFS.CD,..,..,..
Gabon,GAB,Exports of goods and services (current US$),NE.EXP.GNFS.CD,7498597594.24114,8521609542.23314,8550820858.45803
Gabon,GAB,"Imports of goods and services (BoP, current US$)",BM.GSR.GNFS.CD,..,..,..
"Gambia, The",GMB,Exports of goods and services (current US$),NE.EXP.GNFS.CD,252666151.743551,362985807.384148,376853732.833958
"Gambia, The",GMB,"Imports of goods and services (BoP, current US$)",BM.GSR.GNFS.CD,548107724.741477,621146661.889594,..
Georgia,GEO,Exports of goods and services (current US$),NE.EXP.GNFS.CD,7557441721.45846,8898149244.30764,9580781377.52386
Georgia,GEO,"Imports of goods and services (BoP, current US$)",BM.GSR.GNFS.CD,9344910838.13,10768594069,11105361317.92
Germany,DEU,Exports of goods and services (current US$),NE.EXP.GNFS.CD,1738342097541.18,1877737746814.9,1810593293176.47
Germany,DEU,"Imports of goods and services (BoP, current US$)",BM.GSR.GNFS.CD,1481481521241.62,1632280558102.6,1587677965792.75
Ghana,GHA,Exports of goods and services (current US$),NE.EXP.GNFS.CD,20801563774.2788,23118048350.1625,24098556292.4062
Ghana,GHA,"Imports of goods and services (BoP, current US$)",BM.GSR.GNFS.CD,22122770000,23219911781.5436,..
Gibraltar,GIB,Exports of goods and services (current US$),NE.EXP.GNFS.CD,..,..,..
Gibraltar,GIB,"Imports of goods and services (BoP, current US$)",BM.GSR.GNFS.CD,..,..,..
Greece,GRC,Exports of goods and services (current US$),NE.EXP.GNFS.CD,67164628376.7895,78811714870.1976,78038964372.4077
Greece,GRC,"Imports of goods and services (BoP, current US$)",BM.GSR.GNFS.CD,71760870931.8754,85802967855.95,83192116846.2374
Greenland,GRL,Exports of goods and services (current US$),NE.EXP.GNFS.CD,1156128367.83837,1245985493.93469,..
Greenland,GRL,"Imports of goods and services (BoP, current US$)",BM.GSR.GNFS.CD,..,..,..
Grenada,GRD,Exports of goods and services (current US$),NE.EXP.GNFS.CD,578148148.148148,621851851.851852,632222222.222222
Grenada,GRD,"Imports of goods and services (BoP, current US$)",BM.GSR.GNFS.CD,598708880.802685,644699106.111707,..
Guam,GUM,Exports of goods and services (current US$),NE.EXP.GNFS.CD,1129000000,1165000000,..
Guam,GUM,"Imports of goods and services (BoP, current US$)",BM.GSR.GNFS.CD,..,..,..
Guatemala,GTM,Exports of goods and services (current US$),NE.EXP.GNFS.CD,13252465466.3237,13323208187.0412,13574693569.9715
Guatemala,GTM,"Imports of goods and services (BoP, current US$)",BM.GSR.GNFS.CD,19770320900,21179092900,21601406060
Guinea,GIN,Exports of goods and services (current US$),NE.EXP.GNFS.CD,4611027662.1547,4101524584.58559,3762688441.95728
Guinea,GIN,"Imports of goods and services (BoP, current US$)",BM.GSR.GNFS.CD,4239940000,4183670000,4320100000
Guinea-Bissau,GNB,Exports of goods and services (current US$),NE.EXP.GNFS.CD,374997825.737652,369612554.944536,314738927.925914
Guinea-Bissau,GNB,"Imports of goods and services (BoP, current US$)",BM.GSR.GNFS.CD,445468403.600995,458908165.318533,..
Guyana,GUY,Exports of goods and services (current US$),NE.EXP.GNFS.CD,..,..,..
Guyana,GUY,"Imports of goods and services (BoP, current US$)",BM.GSR.GNFS.CD,2216919028.8149,3037639390.27012,..
Haiti,HTI,Exports of goods and services (current US$),NE.EXP.GNFS.CD,1557912175.68823,1768470430.51025,1586190583.04758
Haiti,HTI,"Imports of goods and services (BoP, current US$)",BM.GSR.GNFS.CD,4676888727.38437,5670990520.64727,..
Heavily indebted poor countries (HIPC),HPC,Exports of goods and services (current US$),NE.EXP.GNFS.CD,166885901714.879,183574256832.208,182231850591.076
Heavily indebted poor countries (HIPC),HPC,"Imports of goods and services (BoP, current US$)",BM.GSR.GNFS.CD,223790626892.588,245250661473.316,..
High income,HIC,Exports of goods and services (current US$),NE.EXP.GNFS.CD,16142937478400.4,17562927552263.8,17228766950306.4
High income,HIC,"Imports of goods and services (BoP, current US$)",BM.GSR.GNFS.CD,15572785035556.4,17019607866848.1,16732787518050.9
Honduras,HND,Exports of goods and services (current US$),NE.EXP.GNFS.CD,10082624078.7496,10032351993.7078,10099871473.1624
Honduras,HND,"Imports of goods and services (BoP, current US$)",BM.GSR.GNFS.CD,10853329867.2112,11844905854.8393,11497521894.726
"Hong Kong SAR, China",HKG,Exports of goods and services (current US$),NE.EXP.GNFS.CD,644673433249.5,681282515787.459,649000752944.78
"Hong Kong SAR, China",HKG,"Imports of goods and services (BoP, current US$)",BM.GSR.GNFS.CD,641126699123.695,682046218800.925,642801020261.964
Hungary,HUN,Exports of goods and services (current US$),NE.EXP.GNFS.CD,122961374954.452,134579292776.65,134352236289.823
Hungary,HUN,"Imports of goods and services (BoP, current US$)",BM.GSR.GNFS.CD,113478602116.229,127516912147.081,129223773927.874
IBRD only,IBD,Exports of goods and services (current US$),NE.EXP.GNFS.CD,7041588771237.76,7852467820970.81,7788101439332.98
IBRD only,IBD,"Imports of goods and services (BoP, current US$)",BM.GSR.GNFS.CD,6763892952961.3,7587295224316.63,7438738579859.61
Iceland,ISL,Exports of goods and services (current US$),NE.EXP.GNFS.CD,11290680187.6924,12229403876.9627,10962010845.86
Iceland,ISL,"Imports of goods and services (BoP, current US$)",BM.GSR.GNFS.CD,10308748558.7947,11460658877.6469,9780784704.13449
IDA & IBRD total,IBT,Exports of goods and services (current US$),NE.EXP.GNFS.CD,7438316761691.74,8298057278655.63,8247409592320.83
IDA & IBRD total,IBT,"Imports of goods and services (BoP, current US$)",BM.GSR.GNFS.CD,7319715028976.05,8223741465462.11,8089563440722.43
IDA blend,IDB,Exports of goods and services (current US$),NE.EXP.GNFS.CD,124571951885.577,147911902698.281,154268380563.612
IDA blend,IDB,"Imports of goods and services (BoP, current US$)",BM.GSR.GNFS.CD,183956823094.838,221457173249.089,245448968392.187
IDA only,IDX,Exports of goods and services (current US$),NE.EXP.GNFS.CD,274660388634.655,299484237577.996,310604391765.317
IDA only,IDX,"Imports of goods and services (BoP, current US$)",BM.GSR.GNFS.CD,378229867652.225,422584211650.051,..
IDA total,IDA,Exports of goods and services (current US$),NE.EXP.GNFS.CD,392925990508.087,441750980370.947,459148163830.6
IDA total,IDA,"Imports of goods and services (BoP, current US$)",BM.GSR.GNFS.CD,557899981208.801,639707188760.379,..
India,IND,Exports of goods and services (current US$),NE.EXP.GNFS.CD,498258560860.385,538635201541.984,528297765706.588
India,IND,"Imports of goods and services (BoP, current US$)",BM.GSR.GNFS.CD,561612525785.533,642960117087.838,619484791790.59
Indonesia,IDN,Exports of goods and services (current US$),NE.EXP.GNFS.CD,204924485587.546,218580936570.606,206015217322.011
Indonesia,IDN,"Imports of goods and services (BoP, current US$)",BM.GSR.GNFS.CD,182775400031.25,218645206075.832,204350902229.132
"Iran, Islamic Rep.",IRN,Exports of goods and services (current US$),NE.EXP.GNFS.CD,111078806814.425,150855203199.296,..
"Iran, Islamic Rep.",IRN,"Imports of goods and services (BoP, current US$)",BM.GSR.GNFS.CD,..,..,..
Iraq,IRQ,Exports of goods and services (current US$),NE.EXP.GNFS.CD,74196331075.5499,98608439243.1472,89078156326.7682
Iraq,IRQ,"Imports of goods and services (BoP, current US$)",BM.GSR.GNFS.CD,48454400000,56876000000,72282500000
Ireland,IRL,Exports of goods and services (current US$),NE.EXP.GNFS.CD,406295321979.122,468110564260.099,492852235259.607
Ireland,IRL,"Imports of goods and services (BoP, current US$)",BM.GSR.GNFS.CD,331380800496.33,361117295717.72,452978565278.653
Isle of Man,IMN,Exports of goods and services (current US$),NE.EXP.GNFS.CD,..,..,..
Isle of Man,IMN,"Imports of goods and services (BoP, current US$)",BM.GSR.GNFS.CD,..,..,..
Israel,ISR,Exports of goods and services (current US$),NE.EXP.GNFS.CD,101717835745.133,110404284233.75,115706785190.507
Israel,ISR,"Imports of goods and services (BoP, current US$)",BM.GSR.GNFS.CD,97506900000,107737400000,108256800000
Italy,ITA,Exports of goods and services (current US$),NE.EXP.GNFS.CD,602933211569.648,656105022729.882,631203835923.136
Italy,ITA,"Imports of goods and services (BoP, current US$)",BM.GSR.GNFS.CD,546276783202.775,605893974511.668,571179653623.323
Jamaica,JAM,Exports of goods and services (current US$),NE.EXP.GNFS.CD,5132360928.22619,5964662473.85962,6247130490.78066
Jamaica,JAM,"Imports of goods and services (BoP, current US$)",BM.GSR.GNFS.CD,7226381038.29973,7949649020.81079,..
Japan,JPN,Exports of goods and services (current US$),NE.EXP.GNFS.CD,863958580239.173,917873408507.376,..
Japan,JPN,"Imports of goods and services (BoP, current US$)",BM.GSR.GNFS.CD,837877374600.558,928422545739.3,900304822945.03
Jordan,JOR,Exports of goods and services (current US$),NE.EXP.GNFS.CD,14300140845.0704,15092676056.338,16179436619.7183
Jordan,JOR,"Imports of goods and services (BoP, current US$)",BM.GSR.GNFS.CD,23035633802.8169,22915774647.8873,22040000000
Kazakhstan,KAZ,Exports of goods and services (current US$),NE.EXP.GNFS.CD,54041337296.5114,67477077554.2506,65830956499.0202
Kazakhstan,KAZ,"Imports of goods and services (BoP, current US$)",BM.GSR.GNFS.CD,40655853624.4668,46226435921.4068,50132525320.5469
Kenya,KEN,Exports of goods and services (current US$),NE.EXP.GNFS.CD,10448620986.7625,11564073025.5001,11490738307.6772
Kenya,KEN,"Imports of goods and services (BoP, current US$)",BM.GSR.GNFS.CD,19080297351.8803,20167353449.0948,20408411990.3437
Kiribati,KIR,Exports of goods and services (current US$),NE.EXP.GNFS.CD,29434396.076027,18946503.2875075,..
Kiribati,KIR,"Imports of goods and services (BoP, current US$)",BM.GSR.GNFS.CD,195204528.663901,170520543.087083,..
"Korea, Dem. People’s Rep.",PRK,Exports of goods and services (current US$),NE.EXP.GNFS.CD,..,..,..
"Korea, Dem. People’s Rep.",PRK,"Imports of goods and services (BoP, current US$)",BM.GSR.GNFS.CD,..,..,..
"Korea, Rep.",KOR,Exports of goods and services (current US$),NE.EXP.GNFS.CD,664731199232.572,719489868241.708,657825602872.938
"Korea, Rep.",KOR,"Imports of goods and services (BoP, current US$)",BM.GSR.GNFS.CD,593152700000,649226600000,615758500000
Kosovo,XKX,Exports of goods and services (current US$),NE.EXP.GNFS.CD,1930976050.61003,2099433160.13226,2315661665.92029
Kosovo,XKX,"Imports of goods and services (BoP, current US$)",BM.GSR.GNFS.CD,3830919340.88682,4498235991.59952,4453990993.66733
Kuwait,KWT,Exports of goods and services (current US$),NE.EXP.GNFS.CD,61796900758.3251,79774834437.0861,..
Kuwait,KWT,"Imports of goods and services (BoP, current US$)",BM.GSR.GNFS.CD,57726835511.3298,68204783054.8173,60251711571.61
Kyrgyz Republic,KGZ,Exports of goods and services (current US$),NE.EXP.GNFS.CD,2638474037.52467,2613813420.33663,3160773135.0073
Kyrgyz Republic,KGZ,"Imports of goods and services (BoP, current US$)",BM.GSR.GNFS.CD,5075222826.78568,5861234605.06508,5589531495.61752
Lao PDR,LAO,Exports of goods and services (current US$),NE.EXP.GNFS.CD,..,..,..
Lao PDR,LAO,"Imports of goods and services (BoP, current US$)",BM.GSR.GNFS.CD,6783669899.34693,7318191451.40869,..
Late-demographic dividend,LTE,Exports of goods and services (current US$),NE.EXP.GNFS.CD,5861960241490.84,6523553532065.96,6481739707132.71
Late-demographic dividend,LTE,"Imports of goods and services (BoP, current US$)",BM.GSR.GNFS.CD,5271048923182.03,5951015452212.85,5967389475468.24
Latin America & Caribbean,LCN,Exports of goods and services (current US$),NE.EXP.GNFS.CD,1317133390268.51,1409659329299.65,1396524775092.29
Latin America & Caribbean,LCN,"Imports of goods and services (BoP, current US$)",BM.GSR.GNFS.CD,1295206893877.49,1421835477499.58,1373761300867.76
Latin America & Caribbean (excluding high income),LAC,Exports of goods and services (current US$),NE.EXP.GNFS.CD,1092877956605.5,1186768255393.8,1181920374295.09
Latin America & Caribbean (excluding high income),LAC,"Imports of goods and services (BoP, current US$)",BM.GSR.GNFS.CD,1077980471953.22,1183147162988,1147429222885.59
Latin America & the Caribbean (IDA & IBRD countries),TLA,Exports of goods and services (current US$),NE.EXP.GNFS.CD,1212059888983.32,1314782302831.41,1302147966189.73
Latin America & the Caribbean (IDA & IBRD countries),TLA,"Imports of goods and services (BoP, current US$)",BM.GSR.GNFS.CD,1187825708764.99,1303956791002.73,1260340782567.95
Latvia,LVA,Exports of goods and services (current US$),NE.EXP.GNFS.CD,18770590382.4353,21137008426.5074,20505486242.447
Latvia,LVA,"Imports of goods and services (BoP, current US$)",BM.GSR.GNFS.CD,19011225677.6958,21379111869.2216,20788099102.2186
Least developed countries: UN classification,LDC,Exports of goods and services (current US$),NE.EXP.GNFS.CD,228343525135.852,254893538357.423,255117540307.844
Least developed countries: UN classification,LDC,"Imports of goods and services (BoP, current US$)",BM.GSR.GNFS.CD,308421787597.551,341096830906.88,..
Lebanon,LBN,Exports of goods and services (current US$),NE.EXP.GNFS.CD,11627344114.1625,11389185927.8939,18383300000
Lebanon,LBN,"Imports of goods and services (BoP, current US$)",BM.GSR.GNFS.CD,32070099757.9592,32781598929.1381,31340071000.8856
Lesotho,LSO,Exports of goods and services (current US$),NE.EXP.GNFS.CD,1095170304.26755,1280884667.40719,1073373559.00303
Lesotho,LSO,"Imports of goods and services (BoP, current US$)",BM.GSR.GNFS.CD,2280881897.3931,2387455685.43042,2203232181.89784
Liberia,LBR,Exports of goods and services (current US$),NE.EXP.GNFS.CD,797846200,849000000,882016400
Liberia,LBR,"Imports of goods and services (BoP, current US$)",BM.GSR.GNFS.CD,1232196830.17947,1245487121.00216,..
Libya,LBY,Exports of goods and services (current US$),NE.EXP.GNFS.CD,18919787630.937,29959706959.707,33531500035.7679
Libya,LBY,"Imports of goods and services (BoP, current US$)",BM.GSR.GNFS.CD,15114600000,18848800000,..
Liechtenstein,LIE,Exports of goods and services (current US$),NE.EXP.GNFS.CD,..,..,..
Liechtenstein,LIE,"Imports of goods and services (BoP, current US$)",BM.GSR.GNFS.CD,..,..,..
Lithuania,LTU,Exports of goods and services (current US$),NE.EXP.GNFS.CD,35148120644.6942,40423966584.6823,42309587544.7058
Lithuania,LTU,"Imports of goods and services (BoP, current US$)",BM.GSR.GNFS.CD,37297597827.5245,42387974727.0286,39300408410.1968
Low & middle income,LMY,Exports of goods and services (current US$),NE.EXP.GNFS.CD,6914536843773.35,7710403693587.17,7660143810181.85
Low & middle income,LMY,"Imports of goods and services (BoP, current US$)",BM.GSR.GNFS.CD,6830574176747.05,7665450223110.75,7543970991492.68
Low income,LIC,Exports of goods and services (current US$),NE.EXP.GNFS.CD,..,..,..
Low income,LIC,"Imports of goods and services (BoP, current US$)",BM.GSR.GNFS.CD,155216373794.912,173720805447.583,..
Lower middle income,LMC,Exports of goods and services (current US$),NE.EXP.GNFS.CD,1384572412984.26,1541865588845.17,1568805687730.75
Lower middle income,LMC,"Imports of goods and services (BoP, current US$)",BM.GSR.GNFS.CD,1653992950842.3,1864863808602.38,1878574506192.83
Luxembourg,LUX,Exports of goods and services (current US$),NE.EXP.GNFS.CD,139673621373.778,150037588522.896,148433473912.423
Luxembourg,LUX,"Imports of goods and services (BoP, current US$)",BM.GSR.GNFS.CD,103023207681.217,110277930548.801,108291166845.379
"Macao SAR, China",MAC,Exports of goods and services (current US$),NE.EXP.GNFS.CD,40571642162.9703,45604335707.6494,44973545629.1432
"Macao SAR, China",MAC,"Imports of goods and services (BoP, current US$)",BM.GSR.GNFS.CD,16902412610.3946,18301740851.6802,18076832460.3238
Madagascar,MDG,Exports of goods and services (current US$),NE.EXP.GNFS.CD,4071827552.94261,3973437198.65221,3754036154.43944
Madagascar,MDG,"Imports of goods and services (BoP, current US$)",BM.GSR.GNFS.CD,4508428621.93207,4839952341.75729,..
Malawi,MWI,Exports of goods and services (current US$),NE.EXP.GNFS.CD,1838219294.85226,2136259144.58255,2377292851.56499
Malawi,MWI,"Imports of goods and services (BoP, current US$)",BM.GSR.GNFS.CD,2780703310.35251,2924301210.5827,3197723487.72412
Malaysia,MYS,Exports of goods and services (current US$),NE.EXP.GNFS.CD,223415967351.874,245969419345.245,237847474471.937
Malaysia,MYS,"Imports of goods and services (BoP, current US$)",BM.GSR.GNFS.CD,201713611086.109,221336419004.147,..
Maldives,MDV,Exports of goods and services (current US$),NE.EXP.GNFS.CD,3437577175.53779,3716700886.24373,3894422051.7488
Maldives,MDV,"Imports of goods and services (BoP, current US$)",BM.GSR.GNFS.CD,3501378384.59616,4101843840.8441,4101332486.28958
Mali,MLI,Exports of goods and services (current US$),NE.EXP.GNFS.CD,3413334825.88778,4186155369.52021,4030128566.33271
Mali,MLI,"Imports of goods and services (BoP, current US$)",BM.GSR.GNFS.CD,5599603465.04201,6078079368.7191,..
Malta,MLT,Exports of goods and services (current US$),NE.EXP.GNFS.CD,19822332985.6087,21060317793.415,21558342215.4917
Malta,MLT,"Imports of goods and services (BoP, current US$)",BM.GSR.GNFS.CD,16387111512.1237,18024949291.5995,17799710312.0958
Marshall Islands,MHL,Exports of goods and services (current US$),NE.EXP.GNFS.CD,83395500,89500700,..
Marshall Islands,MHL,"Imports of goods and services (BoP, current US$)",BM.GSR.GNFS.CD,179719462.417304,174722133.585299,..
Mauritania,MRT,Exports of goods and services (current US$),NE.EXP.GNFS.CD,2642322913.64012,2768154029.85075,3040099278.2932
Mauritania,MRT,"Imports of goods and services (BoP, current US$)",BM.GSR.GNFS.CD,2833617778.41677,3283935556.68399,3682938824.0894
Mauritius,MUS,Exports of goods and services (current US$),NE.EXP.GNFS.CD,5628831775.97197,5809414635.29634,5410827801.03457
Mauritius,MUS,"Imports of goods and services (BoP, current US$)",BM.GSR.GNFS.CD,7169469968.61935,7526598153.00294,7420946919.72199
Mexico,MEX,Exports of goods and services (current US$),NE.EXP.GNFS.CD,436348935038.174,479887556367.34,492731912103.657
Mexico,MEX,"Imports of goods and services (BoP, current US$)",BM.GSR.GNFS.CD,458139662351,505051796789,495793456477
"Micronesia, Fed. Sts.",FSM,Exports of goods and services (current US$),NE.EXP.GNFS.CD,109856900,142584400,..
"Micronesia, Fed. Sts.",FSM,"Imports of goods and services (BoP, current US$)",BM.GSR.GNFS.CD,..,..,..
Middle East & North Africa,MEA,Exports of goods and services (current US$),NE.EXP.GNFS.CD,1351072543560.97,1596497922216.69,1553843094794.1
Middle East & North Africa,MEA,"Imports of goods and services (BoP, current US$)",BM.GSR.GNFS.CD,..,..,..
Middle East & North Africa (excluding high income),MNA,Exports of goods and services (current US$),NE.EXP.GNFS.CD,391492375378.833,496710766605.355,500918783807.866
Middle East & North Africa (excluding high income),MNA,"Imports of goods and services (BoP, current US$)",BM.GSR.GNFS.CD,449600579026.127,494475722073.13,..
Middle East & North Africa (IDA & IBRD countries),TMN,Exports of goods and services (current US$),NE.EXP.GNFS.CD,388845728610.24,494007015549.116,498192127206.346
Middle East & North Africa (IDA & IBRD countries),TMN,"Imports of goods and services (BoP, current US$)",BM.GSR.GNFS.CD,439855541187.052,484302733817.197,..
Middle income,MIC,Exports of goods and services (current US$),NE.EXP.GNFS.CD,6809133510969.26,7594709105986.37,7545665810141.75
Middle income,MIC,"Imports of goods and services (BoP, current US$)",BM.GSR.GNFS.CD,6673820130214.72,7489878001432.21,7371698937688.58
Moldova,MDA,Exports of goods and services (current US$),NE.EXP.GNFS.CD,3007175631.1152,3452906204.19724,3758966305.12523
Moldova,MDA,"Imports of goods and services (BoP, current US$)",BM.GSR.GNFS.CD,5367720000,6383920944.00102,6610794072.75081
Monaco,MCO,Exports of goods and services (current US$),NE.EXP.GNFS.CD,..,..,..
Monaco,MCO,"Imports of goods and services (BoP, current US$)",BM.GSR.GNFS.CD,..,..,..
Mongolia,MNG,Exports of goods and services (current US$),NE.EXP.GNFS.CD,6831989388.21135,7665005530.26812,8412578257.65351
Mongolia,MNG,"Imports of goods and services (BoP, current US$)",BM.GSR.GNFS.CD,6523045722.45196,8477747003.42326,9249181583.16792
Montenegro,MNE,Exports of goods and services (current US$),NE.EXP.GNFS.CD,1988962282.32458,2359950617.95441,2422050773.05853
Montenegro,MNE,"Imports of goods and services (BoP, current US$)",BM.GSR.GNFS.CD,3146141677.15982,3665749411.49749,3589938536.95058
Morocco,MAR,Exports of goods and services (current US$),NE.EXP.GNFS.CD,40828105654.1478,45794739028.9897,46813904399.4551
Morocco,MAR,"Imports of goods and services (BoP, current US$)",BM.GSR.GNFS.CD,49387646104.2488,55384900492.3573,54849889417.1487
Mozambique,MOZ,Exports of goods and services (current US$),NE.EXP.GNFS.CD,5099797262.84633,6661342319.76169,6271225103.08455
Mozambique,MOZ,"Imports of goods and services (BoP, current US$)",BM.GSR.GNFS.CD,8212409775.1278,10517895750.5494,9621807647.71112
Myanmar,MMR,Exports of goods and services (current US$),NE.EXP.GNFS.CD,19552850393.1129,23147278690.8839,..
Myanmar,MMR,"Imports of goods and services (BoP, current US$)",BM.GSR.GNFS.CD,18460463674.3435,18866481210.3159,17356198674.6302
Namibia,NAM,Exports of goods and services (current US$),NE.EXP.GNFS.CD,4335454250.28185,4889876506.54758,4428455856.70386
Namibia,NAM,"Imports of goods and services (BoP, current US$)",BM.GSR.GNFS.CD,6067887850.70357,6317995830.08974,5784627096.28138
Nauru,NRU,Exports of goods and services (current US$),NE.EXP.GNFS.CD,39218643.9399653,32555615.843733,23601773.7090545
Nauru,NRU,"Imports of goods and services (BoP, current US$)",BM.GSR.GNFS.CD,91570821.1003605,94795882.9309678,..
Nepal,NPL,Exports of goods and services (current US$),NE.EXP.GNFS.CD,2263315205.83735,2598536507.52589,2656086623.11592
Nepal,NPL,"Imports of goods and services (BoP, current US$)",BM.GSR.GNFS.CD,11823752195.1325,14648193018.74,13834936062.3315
Netherlands,NLD,Exports of goods and services (current US$),NE.EXP.GNFS.CD,695378637220.001,774043642951.372,755816573717.646
Netherlands,NLD,"Imports of goods and services (BoP, current US$)",BM.GSR.GNFS.CD,606225153648.014,677377641382.016,661181127582.847
New Caledonia,NCL,Exports of goods and services (current US$),NE.EXP.GNFS.CD,..,..,..
New Caledonia,NCL,"Imports of goods and services (BoP, current US$)",BM.GSR.GNFS.CD,..,..,..
New Zealand,NZL,Exports of goods and services (current US$),NE.EXP.GNFS.CD,56454831279.7164,58178526330.3563,..
New Zealand,NZL,"Imports of goods and services (BoP, current US$)",BM.GSR.GNFS.CD,52884537176.5719,57365646373.7267,56457909063.4497
Nicaragua,NIC,Exports of goods and services (current US$),NE.EXP.GNFS.CD,5698930814.05216,5506509640.86051,5647777740.87683
Nicaragua,NIC,"Imports of goods and services (BoP, current US$)",BM.GSR.GNFS.CD,7579600000,6742000000,6240200000
Niger,NER,Exports of goods and services (current US$),NE.EXP.GNFS.CD,1434221781.12954,1450261192.11708,1422306736.39646
Niger,NER,"Imports of goods and services (BoP, current US$)",BM.GSR.GNFS.CD,2937755052.72396,3368529750.63631,..
Nigeria,NGA,Exports of goods and services (current US$),NE.EXP.GNFS.CD,49491679577.4084,61552169212.9231,63726878124.6154
Nigeria,NGA,"Imports of goods and services (BoP, current US$)",BM.GSR.GNFS.CD,50934118758.8093,71637362154.1349,100820200200.429
North America,NAC,Exports of goods and services (current US$),NE.EXP.GNFS.CD,2896262145597.28,3082937096589.9,3067993631560.33
North America,NAC,"Imports of goods and services (BoP, current US$)",BM.GSR.GNFS.CD,3458077043368.37,3705617031727.04,3685991628766.6
North Macedonia,MKD,Exports of goods and services (current US$),NE.EXP.GNFS.CD,6235358681.43527,7657423451.97332,7816321050.55537
North Macedonia,MKD,"Imports of goods and services (BoP, current US$)",BM.GSR.GNFS.CD,7829775579.12989,9222577229.44559,9597428208.07956
Northern Mariana Islands,MNP,Exports of goods and services (current US$),NE.EXP.GNFS.CD,1113000000,712000000,..
Northern Mariana Islands,MNP,"Imports of goods and services (BoP, current US$)",BM.GSR.GNFS.CD,..,..,..
Norway,NOR,Exports of goods and services (current US$),NE.EXP.GNFS.CD,144748458593.593,166900830003.074,149032613636.364
Norway,NOR,"Imports of goods and services (BoP, current US$)",BM.GSR.GNFS.CD,130413723167.628,141107303238.126,141308116032.297
Not classified,INX,Exports of goods and services (current US$),NE.EXP.GNFS.CD,..,..,..
Not classified,INX,"Imports of goods and services (BoP, current US$)",BM.GSR.GNFS.CD,..,..,..
OECD members,OED,Exports of goods and services (current US$),NE.EXP.GNFS.CD,14010047737605.6,15222569987745.6,15024398440361.9
OECD members,OED,"Imports of goods and services (BoP, current US$)",BM.GSR.GNFS.CD,13873103911570.1,15145439498635.3,14909447298465.3
Oman,OMN,Exports of goods and services (current US$),NE.EXP.GNFS.CD,36963815687.1782,46321366928.6086,46185723069.1287
Oman,OMN,"Imports of goods and services (BoP, current US$)",BM.GSR.GNFS.CD,34961198064.8773,35374357753.7708,32549850880.3973
Other small states,OSS,Exports of goods and services (current US$),NE.EXP.GNFS.CD,235813040492.214,268711207460.906,251985308586.648
Other small states,OSS,"Imports of goods and services (BoP, current US$)",BM.GSR.GNFS.CD,218176214745.291,238534834331.903,235802575268.478
Pacific island small states,PSS,Exports of goods and services (current US$),NE.EXP.GNFS.CD,4179280415.60077,4504001713.25119,..
Pacific island small states,PSS,"Imports of goods and services (BoP, current US$)",BM.GSR.GNFS.CD,5534987404.77218,6011823521.30451,..
Pakistan,PAK,Exports of goods and services (current US$),NE.EXP.GNFS.CD,25149093615.2349,28222894276.0221,28153324135.546
Pakistan,PAK,"Imports of goods and services (BoP, current US$)",BM.GSR.GNFS.CD,64498061000,68422877000,56336292000
Palau,PLW,Exports of goods and services (current US$),NE.EXP.GNFS.CD,142610122.680664,133528991.699219,..
Palau,PLW,"Imports of goods and services (BoP, current US$)",BM.GSR.GNFS.CD,206824265.105273,..,..
Panama,PAN,Exports of goods and services (current US$),NE.EXP.GNFS.CD,25995200000,27707800000,26514900000
Panama,PAN,"Imports of goods and services (BoP, current US$)",BM.GSR.GNFS.CD,26951320300,28902003120,27378171514
Papua New Guinea,PNG,Exports of goods and services (current US$),NE.EXP.GNFS.CD,..,..,..
Papua New Guinea,PNG,"Imports of goods and services (BoP, current US$)",BM.GSR.GNFS.CD,4662112141.18896,4843832430.60817,..
Paraguay,PRY,Exports of goods and services (current US$),NE.EXP.GNFS.CD,14191128088.2217,14507631759.0227,13226279054.5665
Paraguay,PRY,"Imports of goods and services (BoP, current US$)",BM.GSR.GNFS.CD,12498784984.8948,13878450471.6594,13146333009.6825
Peru,PER,Exports of goods and services (current US$),NE.EXP.GNFS.CD,52160711547.3087,56347593257.4697,54863512420.2199
Peru,PER,"Imports of goods and services (BoP, current US$)",BM.GSR.GNFS.CD,47163738765.9908,51454480011.4954,..
Philippines,PHL,Exports of goods and services (current US$),NE.EXP.GNFS.CD,97073583138.8294,104793441995.793,106783793804.959
Philippines,PHL,"Imports of goods and services (BoP, current US$)",BM.GSR.GNFS.CD,118167562265.203,129738212432.787,130928311896.654
Poland,POL,Exports of goods and services (current US$),NE.EXP.GNFS.CD,285162596247.982,324494836226.708,330911340313.591
Poland,POL,"Imports of goods and services (BoP, current US$)",BM.GSR.GNFS.CD,264941000000,305357000000,298974000000
Portugal,PRT,Exports of goods and services (current US$),NE.EXP.GNFS.CD,94573528088.0378,105274675792.789,103884598147.333
Portugal,PRT,"Imports of goods and services (BoP, current US$)",BM.GSR.GNFS.CD,91930100890.8789,103934203228.416,103731659914.042
Post-demographic dividend,PST,Exports of goods and services (current US$),NE.EXP.GNFS.CD,13760474254253.7,14913945868284.9,14621732367443.8
Post-demographic dividend,PST,"Imports of goods and services (BoP, current US$)",BM.GSR.GNFS.CD,13561853881712.1,14808514457207.6,14476040046467.2
Pre-demographic dividend,PRE,Exports of goods and services (current US$),NE.EXP.GNFS.CD,291255868224.185,349359982226.796,331790156051.19
Pre-demographic dividend,PRE,"Imports of goods and services (BoP, current US$)",BM.GSR.GNFS.CD,301329980692.772,350012250622.564,404182404473.728
Puerto Rico,PRI,Exports of goods and services (current US$),NE.EXP.GNFS.CD,71090900000,60573800000,..
Puerto Rico,PRI,"Imports of goods and services (BoP, current US$)",BM.GSR.GNFS.CD,..,..,..
Qatar,QAT,Exports of goods and services (current US$),NE.EXP.GNFS.CD,85204395604.3956,102560989010.989,92046153846.1538
Qatar,QAT,"Imports of goods and services (BoP, current US$)",BM.GSR.GNFS.CD,62192582417.5824,65810989010.989,66769780219.7802
Romania,ROU,Exports of goods and services (current US$),NE.EXP.GNFS.CD,88964194941.3942,101078166226.913,100909412680.809
Romania,ROU,"Imports of goods and services (BoP, current US$)",BM.GSR.GNFS.CD,93805551854.9835,108630027044.595,110531571126.124
Russian Federation,RUS,Exports of goods and services (current US$),NE.EXP.GNFS.CD,410722488464.729,509503240085.466,481286792703.479
Russian Federation,RUS,"Imports of goods and services (BoP, current US$)",BM.GSR.GNFS.CD,327248060000,343584860000,353598630000
Rwanda,RWA,Exports of goods and services (current US$),NE.EXP.GNFS.CD,1899511803.83642,2037223408.38002,2259247342.62307
Rwanda,RWA,"Imports of goods and services (BoP, current US$)",BM.GSR.GNFS.CD,2968298770.33378,3143474716.01501,..
Samoa,WSM,Exports of goods and services (current US$),NE.EXP.GNFS.CD,262465018.141663,286021703.553616,316413903.743316
Samoa,WSM,"Imports of goods and services (BoP, current US$)",BM.GSR.GNFS.CD,410182052.409045,428520933.929202,..
San Marino,SMR,Exports of goods and services (current US$),NE.EXP.GNFS.CD,2580002750.61004,2757689832.53493,..
San Marino,SMR,"Imports of goods and services (BoP, current US$)",BM.GSR.GNFS.CD,..,..,..
Sao Tome and Principe,STP,Exports of goods and services (current US$),NE.EXP.GNFS.CD,..,..,..
Sao Tome and Principe,STP,"Imports of goods and services (BoP, current US$)",BM.GSR.GNFS.CD,193186907.776288,197132094.36146,191730286.978851
Saudi Arabia,SAU,Exports of goods and services (current US$),NE.EXP.GNFS.CD,239993341453.867,314916582179.44,285859922577.6
Saudi Arabia,SAU,"Imports of goods and services (BoP, current US$)",BM.GSR.GNFS.CD,201975700072.876,209589393636.078,209953934982.33
Senegal,SEN,Exports of goods and services (current US$),NE.EXP.GNFS.CD,4604564108.18992,5347710355.54279,5374064530.10782
Senegal,SEN,"Imports of goods and services (BoP, current US$)",BM.GSR.GNFS.CD,7499420153.28475,8960095117.63212,..
Serbia,SRB,Exports of goods and services (current US$),NE.EXP.GNFS.CD,22297844539.987,25540389777.4996,26277886091.7286
Serbia,SRB,"Imports of goods and services (BoP, current US$)",BM.GSR.GNFS.CD,25293915560.8581,29780212200.4566,31292676058.0118
Seychelles,SYC,Exports of goods and services (current US$),NE.EXP.GNFS.CD,1351236868.13549,1333887194.04809,1368168575.19507
Seychelles,SYC,"Imports of goods and services (BoP, current US$)",BM.GSR.GNFS.CD,1706769842.86613,1857837704.98116,1816459523.14096
Sierra Leone,SLE,Exports of goods and services (current US$),NE.EXP.GNFS.CD,974210447.75792,713559228.928898,659056080.210951
Sierra Leone,SLE,"Imports of goods and services (BoP, current US$)",BM.GSR.GNFS.CD,1588334411.71562,1613770805.99564,..
Singapore,SGP,Exports of goods and services (current US$),NE.EXP.GNFS.CD,583579115069.882,663143979833.927,645592728338.953
Singapore,SGP,"Imports of goods and services (BoP, current US$)",BM.GSR.GNFS.CD,496743052663.975,557030390273.134,541855356477.439
Sint Maarten (Dutch part),SXM,Exports of goods and services (current US$),NE.EXP.GNFS.CD,932737430.167598,800000000,..
Sint Maarten (Dutch part),SXM,"Imports of goods and services (BoP, current US$)",BM.GSR.GNFS.CD,1027044456.6257,1233918551.91061,1230122488.1676
Slovak Republic,SVK,Exports of goods and services (current US$),NE.EXP.GNFS.CD,90870846654.8778,101703390231.19,97132332034.494
Slovak Republic,SVK,"Imports of goods and services (BoP, current US$)",BM.GSR.GNFS.CD,88617444302.4737,99915255212.3107,96752659835.629
Slovenia,SVN,Exports of goods and services (current US$),NE.EXP.GNFS.CD,40388825720.1401,45926691437.5208,45367241857.5686
Slovenia,SVN,"Imports of goods and services (BoP, current US$)",BM.GSR.GNFS.CD,36085343821.339,41319512641.7495,40798794976.8895
Small states,SST,Exports of goods and services (current US$),NE.EXP.GNFS.CD,276366509295.285,314282563277.164,296784993969.134
Small states,SST,"Imports of goods and services (BoP, current US$)",BM.GSR.GNFS.CD,255688271119.31,278725685978.6,274380491613.352
Solomon Islands,SLB,Exports of goods and services (current US$),NE.EXP.GNFS.CD,..,..,..
Solomon Islands,SLB,"Imports of goods and services (BoP, current US$)",BM.GSR.GNFS.CD,679094810.87362,748211700.930464,752908760.301658
Somalia,SOM,Exports of goods and services (current US$),NE.EXP.GNFS.CD,994339300,1119461265.92217,1120361324.45515
Somalia,SOM,"Imports of goods and services (BoP, current US$)",BM.GSR.GNFS.CD,..,..,..
South Africa,ZAF,Exports of goods and services (current US$),NE.EXP.GNFS.CD,103564737960.925,110144477440.513,104915839733.119
South Africa,ZAF,"Imports of goods and services (BoP, current US$)",BM.GSR.GNFS.CD,98991073456.6667,108909775385.703,103117392276.43
South Asia,SAS,Exports of goods and services (current US$),NE.EXP.GNFS.CD,584140285491.864,632221597483.541,627140876774.936
South Asia,SAS,"Imports of goods and services (BoP, current US$)",BM.GSR.GNFS.CD,732793243879.899,831803592148.844,791352767310.358
South Asia (IDA & IBRD),TSA,Exports of goods and services (current US$),NE.EXP.GNFS.CD,584140285491.864,632221597483.541,627140876774.936
South Asia (IDA & IBRD),TSA,"Imports of goods and services (BoP, current US$)",BM.GSR.GNFS.CD,732793243879.899,831803592148.844,791352767310.358
South Sudan,SSD,Exports of goods and services (current US$),NE.EXP.GNFS.CD,..,..,..
South Sudan,SSD,"Imports of goods and services (BoP, current US$)",BM.GSR.GNFS.CD,1916530000,3571720000,3067350000
Spain,ESP,Exports of goods and services (current US$),NE.EXP.GNFS.CD,461350495658.824,499846082001.568,486228080690.195
Spain,ESP,"Imports of goods and services (BoP, current US$)",BM.GSR.GNFS.CD,414945996909.744,459932164526.613,447273839485.634
Sri Lanka,LKA,Exports of goods and services (current US$),NE.EXP.GNFS.CD,19086840876.531,20265385427.8678,19426214045.8273
Sri Lanka,LKA,"Imports of goods and services (BoP, current US$)",BM.GSR.GNFS.CD,25401229000.0631,26840586808.6915,24561990205.7571
St. Kitts and Nevis,KNA,Exports of goods and services (current US$),NE.EXP.GNFS.CD,..,..,..
St. Kitts and Nevis,KNA,"Imports of goods and services (BoP, current US$)",BM.GSR.GNFS.CD,542039808.355026,593894153.29153,..
St. Lucia,LCA,Exports of goods and services (current US$),NE.EXP.GNFS.CD,..,..,..
St. Lucia,LCA,"Imports of goods and services (BoP, current US$)",BM.GSR.GNFS.CD,951552417.646215,997739238.960037,..
St. Martin (French part),MAF,Exports of goods and services (current US$),NE.EXP.GNFS.CD,..,..,..
St. Martin (French part),MAF,"Imports of goods and services (BoP, current US$)",BM.GSR.GNFS.CD,..,..,..
St. Vincent and the Grenadines,VCT,Exports of goods and services (current US$),NE.EXP.GNFS.CD,..,..,..
St. Vincent and the Grenadines,VCT,"Imports of goods and services (BoP, current US$)",BM.GSR.GNFS.CD,427749981.319293,450952987.615181,..
Sub-Saharan Africa,SSF,Exports of goods and services (current US$),NE.EXP.GNFS.CD,382943804356.871,428353960088.06,414326921725.882
Sub-Saharan Africa,SSF,"Imports of goods and services (BoP, current US$)",BM.GSR.GNFS.CD,424173181172.164,478998240210.506,504159572669.952
Sub-Saharan Africa (excluding high income),SSA,Exports of goods and services (current US$),NE.EXP.GNFS.CD,375967685761.662,421237601420.68,407579952146.428
Sub-Saharan Africa (excluding high income),SSA,"Imports of goods and services (BoP, current US$)",BM.GSR.GNFS.CD,415217857070.754,469577381248.713,495245580374.411
Sub-Saharan Africa (IDA & IBRD countries),TSS,Exports of goods and services (current US$),NE.EXP.GNFS.CD,382943804356.871,428353960088.06,414326921725.882
Sub-Saharan Africa (IDA & IBRD countries),TSS,"Imports of goods and services (BoP, current US$)",BM.GSR.GNFS.CD,424173181172.164,478998240210.506,504159572669.952
Sudan,SDN,Exports of goods and services (current US$),NE.EXP.GNFS.CD,4313255937.14134,2621211724.33664,2341152055.82518
Sudan,SDN,"Imports of goods and services (BoP, current US$)",BM.GSR.GNFS.CD,9815700871.24192,8237313614.06528,..
Suriname,SUR,Exports of goods and services (current US$),NE.EXP.GNFS.CD,..,..,..
Suriname,SUR,"Imports of goods and services (BoP, current US$)",BM.GSR.GNFS.CD,1811761490.76527,2108490203.22359,2427531210.09467
Sweden,SWE,Exports of goods and services (current US$),NE.EXP.GNFS.CD,236613045812.244,253749019031.884,249617661432.99
Sweden,SWE,"Imports of goods and services (BoP, current US$)",BM.GSR.GNFS.CD,224087665463.823,241526322368.74,232561254789.944
Switzerland,CHE,Exports of goods and services (current US$),NE.EXP.GNFS.CD,442189906485.109,466305408279.788,464270210057.609
Switzerland,CHE,"Imports of goods and services (BoP, current US$)",BM.GSR.GNFS.CD,371690186082.292,381196079285.914,375294429575.41
Syrian Arab Republic,SYR,Exports of goods and services (current US$),NE.EXP.GNFS.CD,..,..,..
Syrian Arab Republic,SYR,"Imports of goods and services (BoP, current US$)",BM.GSR.GNFS.CD,..,..,..
Tajikistan,TJK,Exports of goods and services (current US$),NE.EXP.GNFS.CD,1125302642.19797,..,..
Tajikistan,TJK,"Imports of goods and services (BoP, current US$)",BM.GSR.GNFS.CD,2763908494.62397,3221409696.26857,3408834755.03577
Tanzania,TZA,Exports of goods and services (current US$),NE.EXP.GNFS.CD,8072890863.8219,..,..
Tanzania,TZA,"Imports of goods and services (BoP, current US$)",BM.GSR.GNFS.CD,9591582825.18676,9883233915.6489,..
Thailand,THA,Exports of goods and services (current US$),NE.EXP.GNFS.CD,304266112351.87,328570049086.666,324875159432.613
Thailand,THA,"Imports of goods and services (BoP, current US$)",BM.GSR.GNFS.CD,247775145772.378,283659578059.95,274817519790.088
Timor-Leste,TLS,Exports of goods and services (current US$),NE.EXP.GNFS.CD,38180000,45614400,568087700
Timor-Leste,TLS,"Imports of goods and services (BoP, current US$)",BM.GSR.GNFS.CD,1122771561.1326,1059724335.5602,1039469716.61367
Togo,TGO,Exports of goods and services (current US$),NE.EXP.GNFS.CD,1596123837.02797,1710977924.96667,1650459199.43473
Togo,TGO,"Imports of goods and services (BoP, current US$)",BM.GSR.GNFS.CD,2090588862.02818,2328922255.67592,..
Tonga,TON,Exports of goods and services (current US$),NE.EXP.GNFS.CD,101437276.634246,103723812.562677,107858180.377657
Tonga,TON,"Imports of goods and services (BoP, current US$)",BM.GSR.GNFS.CD,303028247.133168,322271137.565407,333797317.683491
Trinidad and Tobago,TTO,Exports of goods and services (current US$),NE.EXP.GNFS.CD,..,..,..
Trinidad and Tobago,TTO,"Imports of goods and services (BoP, current US$)",BM.GSR.GNFS.CD,9543493824.57078,9155874542.67294,7919814832.99907
Tunisia,TUN,Exports of goods and services (current US$),NE.EXP.GNFS.CD,17441638422.7494,19203181079.7537,19126158669.5747
Tunisia,TUN,"Imports of goods and services (BoP, current US$)",BM.GSR.GNFS.CD,22586482325.3459,24651071707.4276,23420774027.9214
Turkey,TUR,Exports of goods and services (current US$),NE.EXP.GNFS.CD,223675672206.544,242892992562.123,249301402127.946
Turkey,TUR,"Imports of goods and services (BoP, current US$)",BM.GSR.GNFS.CD,254937000000,247606000000,226521000000
Turkmenistan,TKM,Exports of goods and services (current US$),NE.EXP.GNFS.CD,8521428571.42857,9239000000,..
Turkmenistan,TKM,"Imports of goods and services (BoP, current US$)",BM.GSR.GNFS.CD,..,..,..
Turks and Caicos Islands,TCA,Exports of goods and services (current US$),NE.EXP.GNFS.CD,..,..,..
Turks and Caicos Islands,TCA,"Imports of goods and services (BoP, current US$)",BM.GSR.GNFS.CD,484841833.425,544218513.41,..
Tuvalu,TUV,Exports of goods and services (current US$),NE.EXP.GNFS.CD,..,..,..
Tuvalu,TUV,"Imports of goods and services (BoP, current US$)",BM.GSR.GNFS.CD,..,..,..
Uganda,UGA,Exports of goods and services (current US$),NE.EXP.GNFS.CD,5124374696.99289,4968292701.2959,6047736389.04371
Uganda,UGA,"Imports of goods and services (BoP, current US$)",BM.GSR.GNFS.CD,7220295592.01548,8645671688.25715,9540590224.5617
Ukraine,UKR,Exports of goods and services (current US$),NE.EXP.GNFS.CD,53867411624.0422,59166743258.396,63315071037.2365
Ukraine,UKR,"Imports of goods and services (BoP, current US$)",BM.GSR.GNFS.CD,62688000000,70555000000,76067000000
United Arab Emirates,ARE,Exports of goods and services (current US$),NE.EXP.GNFS.CD,384043567052.417,392863172226.004,389372362151.123
United Arab Emirates,ARE,"Imports of goods and services (BoP, current US$)",BM.GSR.GNFS.CD,..,..,..
United Kingdom,GBR,Exports of goods and services (current US$),NE.EXP.GNFS.CD,809630497408.069,875792531491.74,894076676270.702
United Kingdom,GBR,"Imports of goods and services (BoP, current US$)",BM.GSR.GNFS.CD,843042528390.163,915324873915.778,924899669089.727
United States,USA,Exports of goods and services (current US$),NE.EXP.GNFS.CD,2374560000000,2528704000000,2514751000000
United States,USA,"Imports of goods and services (BoP, current US$)",BM.GSR.GNFS.CD,2901177000000,3119321000000,3105132000000
Upper middle income,UMC,Exports of goods and services (current US$),NE.EXP.GNFS.CD,5425114733467.05,6053457861166.47,5977262789572.82
Upper middle income,UMC,"Imports of goods and services (BoP, current US$)",BM.GSR.GNFS.CD,5015415213610.01,5620163860175.84,5488419181778.65
Uruguay,URY,Exports of goods and services (current US$),NE.EXP.GNFS.CD,12756758079.7414,12517888056.616,12175334397.76
Uruguay,URY,"Imports of goods and services (BoP, current US$)",BM.GSR.GNFS.CD,12439639041.8227,13095565749.0605,12747417686.7793
Uzbekistan,UZB,Exports of goods and services (current US$),NE.EXP.GNFS.CD,12897521865.4865,14131222413.3069,18070469613.5332
Uzbekistan,UZB,"Imports of goods and services (BoP, current US$)",BM.GSR.GNFS.CD,16470145509.6324,23443547241.062,26550823046.2045
Vanuatu,VUT,Exports of goods and services (current US$),NE.EXP.GNFS.CD,..,..,..
Vanuatu,VUT,"Imports of goods and services (BoP, current US$)",BM.GSR.GNFS.CD,471020097.132313,460482621.157776,..
"Venezuela, RB",VEN,Exports of goods and services (current US$),NE.EXP.GNFS.CD,..,..,..
"Venezuela, RB",VEN,"Imports of goods and services (BoP, current US$)",BM.GSR.GNFS.CD,..,..,..
Vietnam,VNM,Exports of goods and services (current US$),NE.EXP.GNFS.CD,227345654409.109,259514070626.337,279720233909.738
Vietnam,VNM,"Imports of goods and services (BoP, current US$)",BM.GSR.GNFS.CD,221373000000,245627371000,261682753000
Virgin Islands (U.S.),VIR,Exports of goods and services (current US$),NE.EXP.GNFS.CD,2795000000,..,..
Virgin Islands (U.S.),VIR,"Imports of goods and services (BoP, current US$)",BM.GSR.GNFS.CD,..,..,..
West Bank and Gaza,PSE,Exports of goods and services (current US$),NE.EXP.GNFS.CD,2536000000,2598000000,..
West Bank and Gaza,PSE,"Imports of goods and services (BoP, current US$)",BM.GSR.GNFS.CD,8503409586.03667,9023749413.264,9153105314.64469
World,WLD,Exports of goods and services (current US$),NE.EXP.GNFS.CD,23058934707418.5,25272632876323.6,24889713110081.7
World,WLD,"Imports of goods and services (BoP, current US$)",BM.GSR.GNFS.CD,22403131232210.1,24685322828148.3,24276707511610.6
"Yemen, Rep.",YEM,Exports of goods and services (current US$),NE.EXP.GNFS.CD,..,..,..
"Yemen, Rep.",YEM,"Imports of goods and services (BoP, current US$)",BM.GSR.GNFS.CD,..,..,..
Zambia,ZMB,Exports of goods and services (current US$),NE.EXP.GNFS.CD,9052010305.16309,9987392203.17266,8073610874.05155
Zambia,ZMB,"Imports of goods and services (BoP, current US$)",BM.GSR.GNFS.CD,8729620525.82598,10193025254.9984,8035710383.23166
Zimbabwe,ZWE,Exports of goods and services (current US$),NE.EXP.GNFS.CD,4332805600,4619344600,..
Zimbabwe,ZWE,"Imports of goods and services (BoP, current US$)",BM.GSR.GNFS.CD,6559418305.38779,..,..
,,,,,,
,,,,,,
,,,,,,
Data from database: World Development Indicators,,,,,,
Last Updated: 02/17/2021,,,,,,
