Year,CommodityProduct,CommodityProduct Label,Prices,Prices Footnote
1995,020100.01,"Beef, Australia/New Zealand, frozen, CIF US ports ($/kg)",1.86,
1995,030212.01,"Salmon, fresh, fish-farm bred, export price, Norway ($/kg)",4.77,
1995,030613.01,"Shrimps, brown, no. 1, shell-on, headless, Mexico ($/kg)",13.53,
1995,080300.01,"Bananas, Central and South America, FOT, US import price ($/kg)",0.44,
1995,090100.01,"Coffee, Colombian mild Arabicas, ex-dock US (¢/lb.)",158.33,
1995,090100.02,"Coffee, Brazilian and other natural Arabicas, ex-dock USA (¢/lb.)",145.94,
1995,090100.03,"Coffee, other mild Arabicas, ex-dock US (¢/lb.)",149.29,
1995,090100.04,"Coffee, other mild Arabicas, ex-dock EU (¢/lb.)",151.15,
1995,090100.05,"Coffee, Robustas, ex-dock US (¢/lb.)",126.78,
1995,090100.06,"Coffee, Robustas, ex-dock EU (¢/lb.)",125.67,
1995,090200.01,"Tea, Kenya Mombasa/Nairobi, auction price ($/kg)",1.3,
1995,100100.01,"Wheat, United States, n° 2 Hard Red Winter (ordinary), FOB Gulf ($/t)",178.76,
1995,100100.02,"Wheat, Argentina, Trigo Pan, Up River, FOB ($/t)",166.73,
1995,100500.01,"Maize, Argentina, Rosario, Up River, FOB ($/t)",123.81,
1995,100500.02,"Maize, United States, n° 3 yellow, FOB Gulf ($/t)",125.12,
1995,100600.01,"Rice, Thailand, white milled, 5% broken, export price, FOB ($/t)",320.95,
1995,120100.01,"Soybeans, in bulk, United States, n° 2 yellow, CIF Rotterdam ($/t)",259.25,
1995,120810.01,"Soybean meal, in bulk, 45/46% protein, Hamburg FOB ex-mill ($/t)",196.91,
1995,150710.01,"Soybean oil, in bulk, Netherlands, FOB ex-mill ($/t)",625.08,
1995,150810.01,"Groundnut oil, in bulk, any origin, CIF Rotterdam ($/t)",990.91,
1995,151110.01,"Palm oil, in bulk, Malaysia/Indonesia, 5% FFA, CIF ($/t)",628.25,
1995,151311.01,"Coconut oil, in bulk, Philippines/Indonesia, CIF Rotterdam ($/t)",669.58,
1995,170100.01,"Sugar, average of I.S.A. daily prices, FOB & Stowed, in bulk, Caribbean ports (¢/lb.)",13.28,
1995,180100.01,"Cocoa beans, average daily prices New York/London (¢/lb.)",65.01,
1995,230120.01,"Fish meal, in bulk, 64/65% protein, FCA, Bremen ($/t)",495,
1995,240100.01,"Tobacco, unmanufactured, US import unit value  ($/t)",2642.15,
1995,251000.01,"Phosphate rock, Khouribga, 70% BPL, contract, FAS Casablanca ($/t)",32.66,
1995,260100.04,"Iron ore, Brazilian to Europe, Vale Itabira SSF, 64.5% Fe content, FOB (¢/Fe unit)",26.95,
1995,260800.02,"Zinc, Prime Western, delivered, North America (¢/lb.)",53.35,
1995,270900.01,"Crude oil, UK Brent, light blend API 38°, spot price, FOB UK ports ($/barrel)",17.06,
1995,270900.02,"Crude oil, Dubai, medium, Fateh API 32°, spot price, FOB Dubai ($/barrel)",16.11,
1995,271100.01,"Natural gas, index, Europe, United States and Japan (2010=100)",36.22,
1995,400100.01,"Rubber, TSR 20, New York CIF ($/t)",1648.17,
1995,400100.02,"Rubber, RSS n°3, Singapore Commodity Exchange, 1st contract (¢/kg)",158,
1995,410100.01,"Cattle hides, US Chicago packer's heavy native steers, FOB shipping point (¢/lb.)",88.13,
1995,440300.01,"Tropical logs, Sapele, high quality (loyal and marchand), FOB, Cameroon ($/m3)",339.5,
1995,440300.02,"Tropical logs, Okoume (60% CI, 40% CE, 20% CS), West Africa, FOB ($/m3)",316.9,
1995,440700.01,"Sawnwood, Dark Red Meranti, Malaysia, CFR plus commission, UK ($/m3)",739.95,
1995,441200.01,"Plywood, Africa & SE Asia, Lauan, 3-ply, 91cmx182cmx4mm, wholesale Tokyo (¢/sheet)",584.43,
1995,510100.01,"Fine wool, 19 micron, Australia ($/t)",7753.1,
1995,510100.02,"Coarse wool, 23 micron, AWEX auction price, Australia ($/t)",4971.42,
1995,530300.01,"Jute, Bangladesh, BWD, FOB Mongla ($/t)",365.66,
1995,530500.01,"Sisal, Tanzania/Kenya, n° 2 & 3 long, FOB ($/t)",769.25,
1995,530500.02,"Sisal, Tanzania/Kenya, n° 3 & UG, FOB ($/t)",710.41,
1996,020100.01,"Beef, Australia/New Zealand, frozen, CIF US ports ($/kg)",1.74,
1996,030212.01,"Salmon, fresh, fish-farm bred, export price, Norway ($/kg)",4.1,
1996,030613.01,"Shrimps, brown, no. 1, shell-on, headless, Mexico ($/kg)",13.11,
1996,080300.01,"Bananas, Central and South America, FOT, US import price ($/kg)",0.46,
1996,090100.01,"Coffee, Colombian mild Arabicas, ex-dock US (¢/lb.)",131.22,
1996,090100.02,"Coffee, Brazilian and other natural Arabicas, ex-dock USA (¢/lb.)",119.77,
1996,090100.03,"Coffee, other mild Arabicas, ex-dock US (¢/lb.)",119.89,
1996,090100.04,"Coffee, other mild Arabicas, ex-dock EU (¢/lb.)",122.2,
1996,090100.05,"Coffee, Robustas, ex-dock US (¢/lb.)",82.72,
1996,090100.06,"Coffee, Robustas, ex-dock EU (¢/lb.)",81.91,
1996,090200.01,"Tea, Kenya Mombasa/Nairobi, auction price ($/kg)",1.42,
1996,100100.01,"Wheat, United States, n° 2 Hard Red Winter (ordinary), FOB Gulf ($/t)",208.25,
1996,100100.02,"Wheat, Argentina, Trigo Pan, Up River, FOB ($/t)",189.53,
1996,100500.01,"Maize, Argentina, Rosario, Up River, FOB ($/t)",156.06,
1996,100500.02,"Maize, United States, n° 3 yellow, FOB Gulf ($/t)",162.51,
1996,100600.01,"Rice, Thailand, white milled, 5% broken, export price, FOB ($/t)",338.87,
1996,120100.01,"Soybeans, in bulk, United States, n° 2 yellow, CIF Rotterdam ($/t)",304.83,
1996,120810.01,"Soybean meal, in bulk, 45/46% protein, Hamburg FOB ex-mill ($/t)",267.5,
1996,150710.01,"Soybean oil, in bulk, Netherlands, FOB ex-mill ($/t)",551.5,
1996,150810.01,"Groundnut oil, in bulk, any origin, CIF Rotterdam ($/t)",897.25,
1996,151110.01,"Palm oil, in bulk, Malaysia/Indonesia, 5% FFA, CIF ($/t)",530.91,
1996,151311.01,"Coconut oil, in bulk, Philippines/Indonesia, CIF Rotterdam ($/t)",751.58,
1996,151321.01,"Palm kernel oil, in bulk, Malaysia/Indonesia, CIF Rotterdam ($/t)",728,
1996,170100.01,"Sugar, average of I.S.A. daily prices, FOB & Stowed, in bulk, Caribbean ports (¢/lb.)",11.95,
1996,180100.01,"Cocoa beans, average daily prices New York/London (¢/lb.)",66.03,
1996,230120.01,"Fish meal, in bulk, 64/65% protein, FCA, Bremen ($/t)",586,
1996,240100.01,"Tobacco, unmanufactured, US import unit value  ($/t)",3056.74,
1996,251000.01,"Phosphate rock, Khouribga, 70% BPL, contract, FAS Casablanca ($/t)",33.03,
1996,260100.04,"Iron ore, Brazilian to Europe, Vale Itabira SSF, 64.5% Fe content, FOB (¢/Fe unit)",28.57,
1996,260800.02,"Zinc, Prime Western, delivered, North America (¢/lb.)",51.96,
1996,270900.01,"Crude oil, UK Brent, light blend API 38°, spot price, FOB UK ports ($/barrel)",20.65,
1996,270900.02,"Crude oil, Dubai, medium, Fateh API 32°, spot price, FOB Dubai ($/barrel)",18.54,
1996,271100.01,"Natural gas, index, Europe, United States and Japan (2010=100)",49.2,
1996,400100.01,"Rubber, TSR 20, New York CIF ($/t)",1404.29,
1996,400100.02,"Rubber, RSS n°3, Singapore Commodity Exchange, 1st contract (¢/kg)",139.37,
1996,410100.01,"Cattle hides, US Chicago packer's heavy native steers, FOB shipping point (¢/lb.)",87.32,
1996,440300.01,"Tropical logs, Sapele, high quality (loyal and marchand), FOB, Cameroon ($/m3)",284.32,
1996,440300.02,"Tropical logs, Okoume (60% CI, 40% CE, 20% CS), West Africa, FOB ($/m3)",300.69,
1996,440700.01,"Sawnwood, Dark Red Meranti, Malaysia, CFR plus commission, UK ($/m3)",741.34,
1996,441200.01,"Plywood, Africa & SE Asia, Lauan, 3-ply, 91cmx182cmx4mm, wholesale Tokyo (¢/sheet)",529.52,
1996,510100.01,"Fine wool, 19 micron, Australia ($/t)",6515.87,
1996,510100.02,"Coarse wool, 23 micron, AWEX auction price, Australia ($/t)",4288.77,
1996,530300.01,"Jute, Bangladesh, BWD, FOB Mongla ($/t)",454.25,
1996,530500.01,"Sisal, Tanzania/Kenya, n° 2 & 3 long, FOB ($/t)",965.5,
1996,530500.02,"Sisal, Tanzania/Kenya, n° 3 & UG, FOB ($/t)",868.25,
1997,020100.01,"Beef, Australia/New Zealand, frozen, CIF US ports ($/kg)",1.84,
1997,030212.01,"Salmon, fresh, fish-farm bred, export price, Norway ($/kg)",3.72,
1997,030613.01,"Shrimps, brown, no. 1, shell-on, headless, Mexico ($/kg)",14.76,
1997,080300.01,"Bananas, Central and South America, FOT, US import price ($/kg)",0.51,
1997,090100.01,"Coffee, Colombian mild Arabicas, ex-dock US (¢/lb.)",198.92,
1997,090100.02,"Coffee, Brazilian and other natural Arabicas, ex-dock USA (¢/lb.)",166.8,
1997,090100.03,"Coffee, other mild Arabicas, ex-dock US (¢/lb.)",185.02,
1997,090100.04,"Coffee, other mild Arabicas, ex-dock EU (¢/lb.)",189.05,
1997,090100.05,"Coffee, Robustas, ex-dock US (¢/lb.)",80.7,
1997,090100.06,"Coffee, Robustas, ex-dock EU (¢/lb.)",78.74,
1997,090200.01,"Tea, Kenya Mombasa/Nairobi, auction price ($/kg)",2.01,
1997,100100.01,"Wheat, United States, n° 2 Hard Red Winter (ordinary), FOB Gulf ($/t)",160.82,
1997,100100.02,"Wheat, Argentina, Trigo Pan, Up River, FOB ($/t)",151.9,
1997,100500.01,"Maize, Argentina, Rosario, Up River, FOB ($/t)",114.57,
1997,100500.02,"Maize, United States, n° 3 yellow, FOB Gulf ($/t)",118.88,
1997,100600.01,"Rice, Thailand, white milled, 5% broken, export price, FOB ($/t)",303.51,
1997,120100.01,"Soybeans, in bulk, United States, n° 2 yellow, CIF Rotterdam ($/t)",295.41,
1997,120810.01,"Soybean meal, in bulk, 45/46% protein, Hamburg FOB ex-mill ($/t)",275.75,
1997,150710.01,"Soybean oil, in bulk, Netherlands, FOB ex-mill ($/t)",564.75,
1997,150810.01,"Groundnut oil, in bulk, any origin, CIF Rotterdam ($/t)",1010.41,
1997,151110.01,"Palm oil, in bulk, Malaysia/Indonesia, 5% FFA, CIF ($/t)",545.83,
1997,151311.01,"Coconut oil, in bulk, Philippines/Indonesia, CIF Rotterdam ($/t)",656.83,
1997,151321.01,"Palm kernel oil, in bulk, Malaysia/Indonesia, CIF Rotterdam ($/t)",651.83,
1997,170100.01,"Sugar, average of I.S.A. daily prices, FOB & Stowed, in bulk, Caribbean ports (¢/lb.)",11.37,
1997,180100.01,"Cocoa beans, average daily prices New York/London (¢/lb.)",73.42,
1997,230120.01,"Fish meal, in bulk, 64/65% protein, FCA, Bremen ($/t)",606.25,
1997,240100.01,"Tobacco, unmanufactured, US import unit value  ($/t)",3531.14,
1997,251000.01,"Phosphate rock, Khouribga, 70% BPL, contract, FAS Casablanca ($/t)",32.5,
1997,260100.04,"Iron ore, Brazilian to Europe, Vale Itabira SSF, 64.5% Fe content, FOB (¢/Fe unit)",28.88,
1997,260800.02,"Zinc, Prime Western, delivered, North America (¢/lb.)",64.39,
1997,270900.01,"Crude oil, UK Brent, light blend API 38°, spot price, FOB UK ports ($/barrel)",19.09,
1997,270900.02,"Crude oil, Dubai, medium, Fateh API 32°, spot price, FOB Dubai ($/barrel)",18.09,
1997,271100.01,"Natural gas, index, Europe, United States and Japan (2010=100)",45.8,
1997,400100.01,"Rubber, TSR 20, New York CIF ($/t)",1096.32,
1997,400100.02,"Rubber, RSS n°3, Singapore Commodity Exchange, 1st contract (¢/kg)",101.75,
1997,410100.01,"Cattle hides, US Chicago packer's heavy native steers, FOB shipping point (¢/lb.)",88.25,
1997,440300.01,"Tropical logs, Sapele, high quality (loyal and marchand), FOB, Cameroon ($/m3)",284.75,
1997,440300.02,"Tropical logs, Okoume (60% CI, 40% CE, 20% CS), West Africa, FOB ($/m3)",250.44,
1997,440700.01,"Sawnwood, Dark Red Meranti, Malaysia, CFR plus commission, UK ($/m3)",664.52,
1997,441200.01,"Plywood, Africa & SE Asia, Lauan, 3-ply, 91cmx182cmx4mm, wholesale Tokyo (¢/sheet)",484.95,
1997,510100.01,"Fine wool, 19 micron, Australia ($/t)",7598.43,
1997,510100.02,"Coarse wool, 23 micron, AWEX auction price, Australia ($/t)",4427.93,
1997,530300.01,"Jute, Bangladesh, BWD, FOB Mongla ($/t)",302,
1997,530500.01,"Sisal, Tanzania/Kenya, n° 2 & 3 long, FOB ($/t)",924.16,
1997,530500.02,"Sisal, Tanzania/Kenya, n° 3 & UG, FOB ($/t)",777.5,
1998,020100.01,"Beef, Australia/New Zealand, frozen, CIF US ports ($/kg)",1.71,
1998,030212.01,"Salmon, fresh, fish-farm bred, export price, Norway ($/kg)",3.71,
1998,030613.01,"Shrimps, brown, no. 1, shell-on, headless, Mexico ($/kg)",14.23,
1998,080300.01,"Bananas, Central and South America, FOT, US import price ($/kg)",0.48,
1998,090100.01,"Coffee, Colombian mild Arabicas, ex-dock US (¢/lb.)",142.82,
1998,090100.02,"Coffee, Brazilian and other natural Arabicas, ex-dock USA (¢/lb.)",121.8,
1998,090100.03,"Coffee, other mild Arabicas, ex-dock US (¢/lb.)",132.24,
1998,090100.04,"Coffee, other mild Arabicas, ex-dock EU (¢/lb.)",135.23,
1998,090100.05,"Coffee, Robustas, ex-dock US (¢/lb.)",83.92,
1998,090100.06,"Coffee, Robustas, ex-dock EU (¢/lb.)",82.67,
1998,090200.01,"Tea, Kenya Mombasa/Nairobi, auction price ($/kg)",1.89,
1998,100100.01,"Wheat, United States, n° 2 Hard Red Winter (ordinary), FOB Gulf ($/t)",129.44,
1998,100100.02,"Wheat, Argentina, Trigo Pan, Up River, FOB ($/t)",118.86,
1998,100500.01,"Maize, Argentina, Rosario, Up River, FOB ($/t)",101.68,
1998,100500.02,"Maize, United States, n° 3 yellow, FOB Gulf ($/t)",102.84,
1998,100600.01,"Rice, Thailand, white milled, 5% broken, export price, FOB ($/t)",304.15,
1998,120100.01,"Soybeans, in bulk, United States, n° 2 yellow, CIF Rotterdam ($/t)",243.25,
1998,120810.01,"Soybean meal, in bulk, 45/46% protein, Hamburg FOB ex-mill ($/t)",170.33,
1998,150710.01,"Soybean oil, in bulk, Netherlands, FOB ex-mill ($/t)",625.91,
1998,150810.01,"Groundnut oil, in bulk, any origin, CIF Rotterdam ($/t)",909.41,
1998,151110.01,"Palm oil, in bulk, Malaysia/Indonesia, 5% FFA, CIF ($/t)",671.08,
1998,151311.01,"Coconut oil, in bulk, Philippines/Indonesia, CIF Rotterdam ($/t)",657.91,
1998,151321.01,"Palm kernel oil, in bulk, Malaysia/Indonesia, CIF Rotterdam ($/t)",686.66,
1998,170100.01,"Sugar, average of I.S.A. daily prices, FOB & Stowed, in bulk, Caribbean ports (¢/lb.)",8.95,
1998,180100.01,"Cocoa beans, average daily prices New York/London (¢/lb.)",76.18,
1998,230120.01,"Fish meal, in bulk, 64/65% protein, FCA, Bremen ($/t)",661.91,
1998,240100.01,"Tobacco, unmanufactured, US import unit value  ($/t)",3342.33,
1998,251000.01,"Phosphate rock, Khouribga, 70% BPL, contract, FAS Casablanca ($/t)",32.5,
1998,260100.04,"Iron ore, Brazilian to Europe, Vale Itabira SSF, 64.5% Fe content, FOB (¢/Fe unit)",29.69,
1998,270900.01,"Crude oil, UK Brent, light blend API 38°, spot price, FOB UK ports ($/barrel)",12.71,
1998,270900.02,"Crude oil, Dubai, medium, Fateh API 32°, spot price, FOB Dubai ($/barrel)",12.12,
1998,271100.01,"Natural gas, index, Europe, United States and Japan (2010=100)",38.87,
1998,400100.01,"Rubber, TSR 20, New York CIF ($/t)",776.2,
1998,400100.02,"Rubber, RSS n°3, Singapore Commodity Exchange, 1st contract (¢/kg)",72.15,
1998,410100.01,"Cattle hides, US Chicago packer's heavy native steers, FOB shipping point (¢/lb.)",76.69,
1998,440300.01,"Tropical logs, Sapele, high quality (loyal and marchand), FOB, Cameroon ($/m3)",286.4,
1998,440300.02,"Tropical logs, Okoume (60% CI, 40% CE, 20% CS), West Africa, FOB ($/m3)",247.96,
1998,440700.01,"Sawnwood, Dark Red Meranti, Malaysia, CFR plus commission, UK ($/m3)",484.14,
1998,441200.01,"Plywood, Africa & SE Asia, Lauan, 3-ply, 91cmx182cmx4mm, wholesale Tokyo (¢/sheet)",376.05,
1998,510100.01,"Fine wool, 19 micron, Australia ($/t)",5528.14,
1998,510100.02,"Coarse wool, 23 micron, AWEX auction price, Australia ($/t)",3363.89,
1998,530300.01,"Jute, Bangladesh, BWD, FOB Mongla ($/t)",259.05,
1998,530500.01,"Sisal, Tanzania/Kenya, n° 2 & 3 long, FOB ($/t)",964.5,
1998,530500.02,"Sisal, Tanzania/Kenya, n° 3 & UG, FOB ($/t)",821.33,
1999,020100.01,"Beef, Australia/New Zealand, frozen, CIF US ports ($/kg)",1.81,
1999,030212.01,"Salmon, fresh, fish-farm bred, export price, Norway ($/kg)",3.56,
1999,030613.01,"Shrimps, brown, no. 1, shell-on, headless, Mexico ($/kg)",12.34,
1999,080300.01,"Bananas, Central and South America, FOT, US import price ($/kg)",0.37,
1999,090100.01,"Coffee, Colombian mild Arabicas, ex-dock US (¢/lb.)",116.44,
1999,090100.02,"Coffee, Brazilian and other natural Arabicas, ex-dock USA (¢/lb.)",88.83,
1999,090100.03,"Coffee, other mild Arabicas, ex-dock US (¢/lb.)",101.54,
1999,090100.04,"Coffee, other mild Arabicas, ex-dock EU (¢/lb.)",103.89,
1999,090100.05,"Coffee, Robustas, ex-dock US (¢/lb.)",67.63,
1999,090100.06,"Coffee, Robustas, ex-dock EU (¢/lb.)",67.52,
1999,090200.01,"Tea, Kenya Mombasa/Nairobi, auction price ($/kg)",1.8,
1999,100100.01,"Wheat, United States, n° 2 Hard Red Winter (ordinary), FOB Gulf ($/t)",115.2,
1999,100100.02,"Wheat, Argentina, Trigo Pan, Up River, FOB ($/t)",114.8,
1999,100500.01,"Maize, Argentina, Rosario, Up River, FOB ($/t)",94.27,
1999,100500.02,"Maize, United States, n° 3 yellow, FOB Gulf ($/t)",92.63,
1999,100600.01,"Rice, Thailand, white milled, 5% broken, export price, FOB ($/t)",248.41,
1999,120100.01,"Soybeans, in bulk, United States, n° 2 yellow, CIF Rotterdam ($/t)",201.66,
1999,120810.01,"Soybean meal, in bulk, 45/46% protein, Hamburg FOB ex-mill ($/t)",165.16,
1999,150710.01,"Soybean oil, in bulk, Netherlands, FOB ex-mill ($/t)",426.46,
1999,150810.01,"Groundnut oil, in bulk, any origin, CIF Rotterdam ($/t)",832.84,
1999,151110.01,"Palm oil, in bulk, Malaysia/Indonesia, 5% FFA, CIF ($/t)",436,
1999,151311.01,"Coconut oil, in bulk, Philippines/Indonesia, CIF Rotterdam ($/t)",737.08,
1999,151321.01,"Palm kernel oil, in bulk, Malaysia/Indonesia, CIF Rotterdam ($/t)",694.08,
1999,170100.01,"Sugar, average of I.S.A. daily prices, FOB & Stowed, in bulk, Caribbean ports (¢/lb.)",6.27,
1999,180100.01,"Cocoa beans, average daily prices New York/London (¢/lb.)",51.71,
1999,230120.01,"Fish meal, in bulk, 64/65% protein, FCA, Bremen ($/t)",407.87,
1999,240100.01,"Tobacco, unmanufactured, US import unit value  ($/t)",3124.69,
1999,251000.01,"Phosphate rock, Khouribga, 70% BPL, contract, FAS Casablanca ($/t)",42.8,
1999,260100.04,"Iron ore, Brazilian to Europe, Vale Itabira SSF, 64.5% Fe content, FOB (¢/Fe unit)",26.96,
1999,260800.02,"Zinc, Prime Western, delivered, North America (¢/lb.)",53.47,
1999,270900.01,"Crude oil, UK Brent, light blend API 38°, spot price, FOB UK ports ($/barrel)",17.8,
1999,270900.02,"Crude oil, Dubai, medium, Fateh API 32°, spot price, FOB Dubai ($/barrel)",17.16,
1999,271100.01,"Natural gas, index, Europe, United States and Japan (2010=100)",39.78,
1999,400100.01,"Rubber, TSR 20, New York CIF ($/t)",704.18,
1999,400100.02,"Rubber, RSS n°3, Singapore Commodity Exchange, 1st contract (¢/kg)",62.84,
1999,410100.01,"Cattle hides, US Chicago packer's heavy native steers, FOB shipping point (¢/lb.)",72.15,
1999,440300.01,"Tropical logs, Sapele, high quality (loyal and marchand), FOB, Cameroon ($/m3)",269.27,
1999,440300.02,"Tropical logs, Okoume (60% CI, 40% CE, 20% CS), West Africa, FOB ($/m3)",237.37,
1999,440700.01,"Sawnwood, Dark Red Meranti, Malaysia, CFR plus commission, UK ($/m3)",600.81,
1999,441200.01,"Plywood, Africa & SE Asia, Lauan, 3-ply, 91cmx182cmx4mm, wholesale Tokyo (¢/sheet)",440.54,
1999,510100.01,"Fine wool, 19 micron, Australia ($/t)",6192.49,
1999,510100.02,"Coarse wool, 23 micron, AWEX auction price, Australia ($/t)",2764.71,
1999,530300.01,"Jute, Bangladesh, BWD, FOB Mongla ($/t)",275.7,
1999,530500.01,"Sisal, Tanzania/Kenya, n° 2 & 3 long, FOB ($/t)",879.46,
1999,530500.02,"Sisal, Tanzania/Kenya, n° 3 & UG, FOB ($/t)",695.92,
2000,020100.01,"Beef, Australia/New Zealand, frozen, CIF US ports ($/kg)",1.92,
2000,030212.01,"Salmon, fresh, fish-farm bred, export price, Norway ($/kg)",3.65,
2000,030613.01,"Shrimps, brown, no. 1, shell-on, headless, Mexico ($/kg)",14.01,
2000,080300.01,"Bananas, Central and South America, FOT, US import price ($/kg)",0.42,
2000,080300.02,"Bananas, Central America, Main Brands (average of US East and West Coast prices), FOR (US$/kg)",0.41,
2000,090100.01,"Coffee, Colombian mild Arabicas, ex-dock US (¢/lb.)",102.6,
2000,090100.02,"Coffee, Brazilian and other natural Arabicas, ex-dock USA (¢/lb.)",79.86,
2000,090100.03,"Coffee, other mild Arabicas, ex-dock US (¢/lb.)",85.09,
2000,090100.04,"Coffee, other mild Arabicas, ex-dock EU (¢/lb.)",87.07,
2000,090100.05,"Coffee, Robustas, ex-dock US (¢/lb.)",42.11,
2000,090100.06,"Coffee, Robustas, ex-dock EU (¢/lb.)",41.41,
2000,090200.01,"Tea, Kenya Mombasa/Nairobi, auction price ($/kg)",2.02,
2000,100100.01,"Wheat, United States, n° 2 Hard Red Winter (ordinary), FOB Gulf ($/t)",119.17,
2000,100100.02,"Wheat, Argentina, Trigo Pan, Up River, FOB ($/t)",119.63,
2000,100500.01,"Maize, Argentina, Rosario, Up River, FOB ($/t)",86.75,
2000,100500.02,"Maize, United States, n° 3 yellow, FOB Gulf ($/t)",90,
2000,100600.01,"Rice, Thailand, white milled, 5% broken, export price, FOB ($/t)",202.39,
2000,120100.01,"Soybeans, in bulk, United States, n° 2 yellow, CIF Rotterdam ($/t)",211.83,
2000,120810.01,"Soybean meal, in bulk, 45/46% protein, Hamburg FOB ex-mill ($/t)",203.69,
2000,150710.01,"Soybean oil, in bulk, Netherlands, FOB ex-mill ($/t)",338.14,
2000,150810.01,"Groundnut oil, in bulk, any origin, CIF Rotterdam ($/t)",756.76,
2000,151110.01,"Palm oil, in bulk, Malaysia/Indonesia, 5% FFA, CIF ($/t)",310.25,
2000,151211.01,"Sunflower oil, in bulk, European Union, FOB N.W. European ports ($/t)",391.83,
2000,151311.01,"Coconut oil, in bulk, Philippines/Indonesia, CIF Rotterdam ($/t)",450.33,
2000,151321.01,"Palm kernel oil, in bulk, Malaysia/Indonesia, CIF Rotterdam ($/t)",443.5,
2000,170100.01,"Sugar, average of I.S.A. daily prices, FOB & Stowed, in bulk, Caribbean ports (¢/lb.)",8.17,
2000,180100.01,"Cocoa beans, average daily prices New York/London (¢/lb.)",40.26,
2000,230120.01,"Fish meal, in bulk, 64/65% protein, FCA, Bremen ($/t)",407.87,
2000,240100.01,"Tobacco, unmanufactured, US import unit value  ($/t)",3005.12,
2000,251000.01,"Phosphate rock, Khouribga, 70% BPL, contract, FAS Casablanca ($/t)",44,
2000,260100.04,"Iron ore, Brazilian to Europe, Vale Itabira SSF, 64.5% Fe content, FOB (¢/Fe unit)",27.67,
2000,260800.02,"Zinc, Prime Western, delivered, North America (¢/lb.)",55.61,
2000,270900.01,"Crude oil, UK Brent, light blend API 38°, spot price, FOB UK ports ($/barrel)",28.27,
2000,270900.02,"Crude oil, Dubai, medium, Fateh API 32°, spot price, FOB Dubai ($/barrel)",26.08,
2000,271100.01,"Natural gas, index, Europe, United States and Japan (2010=100)",73.85,
2000,400100.01,"Rubber, TSR 20, New York CIF ($/t)",726.5,
2000,400100.02,"Rubber, RSS n°3, Singapore Commodity Exchange, 1st contract (¢/kg)",66.71,
2000,410100.01,"Cattle hides, US Chicago packer's heavy native steers, FOB shipping point (¢/lb.)",80.22,
2000,440300.01,"Tropical logs, Sapele, high quality (loyal and marchand), FOB, Cameroon ($/m3)",275.42,
2000,440300.02,"Tropical logs, Okoume (60% CI, 40% CE, 20% CS), West Africa, FOB ($/m3)",202.4,
2000,440700.01,"Sawnwood, Dark Red Meranti, Malaysia, CFR plus commission, UK ($/m3)",594.69,
2000,441200.01,"Plywood, Africa & SE Asia, Lauan, 3-ply, 91cmx182cmx4mm, wholesale Tokyo (¢/sheet)",448.24,
2000,510100.01,"Fine wool, 19 micron, Australia ($/t)",7335.42,
2000,510100.02,"Coarse wool, 23 micron, AWEX auction price, Australia ($/t)",2809.78,
2000,530300.01,"Jute, Bangladesh, BWD, FOB Mongla ($/t)",278.83,
2000,530500.01,"Sisal, Tanzania/Kenya, n° 2 & 3 long, FOB ($/t)",782.05,
2000,530500.02,"Sisal, Tanzania/Kenya, n° 3 & UG, FOB ($/t)",628.7,
2001,020100.01,"Beef, Australia/New Zealand, frozen, CIF US ports ($/kg)",2.1,
2001,030212.01,"Salmon, fresh, fish-farm bred, export price, Norway ($/kg)",2.89,
2001,030613.01,"Shrimps, brown, no. 1, shell-on, headless, Mexico ($/kg)",13.67,
2001,080300.01,"Bananas, Central and South America, FOT, US import price ($/kg)",0.58,
2001,080300.02,"Bananas, Central America, Main Brands (average of US East and West Coast prices), FOR (US$/kg)",0.57,
2001,090100.01,"Coffee, Colombian mild Arabicas, ex-dock US (¢/lb.)",72.22,
2001,090100.02,"Coffee, Brazilian and other natural Arabicas, ex-dock USA (¢/lb.)",50.52,
2001,090100.03,"Coffee, other mild Arabicas, ex-dock US (¢/lb.)",61.93,
2001,090100.04,"Coffee, other mild Arabicas, ex-dock EU (¢/lb.)",62.28,
2001,090100.05,"Coffee, Robustas, ex-dock US (¢/lb.)",27.3,
2001,090100.06,"Coffee, Robustas, ex-dock EU (¢/lb.)",27.54,
2001,090200.01,"Tea, Kenya Mombasa/Nairobi, auction price ($/kg)",1.51,
2001,100100.01,"Wheat, United States, n° 2 Hard Red Winter (ordinary), FOB Gulf ($/t)",129.88,
2001,100100.02,"Wheat, Argentina, Trigo Pan, Up River, FOB ($/t)",119,
2001,100500.01,"Maize, Argentina, Rosario, Up River, FOB ($/t)",87.69,
2001,100500.02,"Maize, United States, n° 3 yellow, FOB Gulf ($/t)",91.03,
2001,100600.01,"Rice, Thailand, white milled, 5% broken, export price, FOB ($/t)",172.83,
2001,120100.01,"Soybeans, in bulk, United States, n° 2 yellow, CIF Rotterdam ($/t)",195.83,
2001,120810.01,"Soybean meal, in bulk, 45/46% protein, Hamburg FOB ex-mill ($/t)",204.63,
2001,150710.01,"Soybean oil, in bulk, Netherlands, FOB ex-mill ($/t)",353.23,
2001,150810.01,"Groundnut oil, in bulk, any origin, CIF Rotterdam ($/t)",759.23,
2001,151110.01,"Palm oil, in bulk, Malaysia/Indonesia, 5% FFA, CIF ($/t)",287.45,
2001,151211.01,"Sunflower oil, in bulk, European Union, FOB N.W. European ports ($/t)",484.25,
2001,151311.01,"Coconut oil, in bulk, Philippines/Indonesia, CIF Rotterdam ($/t)",318.08,
2001,151321.01,"Palm kernel oil, in bulk, Malaysia/Indonesia, CIF Rotterdam ($/t)",305.3,
2001,170100.01,"Sugar, average of I.S.A. daily prices, FOB & Stowed, in bulk, Caribbean ports (¢/lb.)",8.63,
2001,180100.01,"Cocoa beans, average daily prices New York/London (¢/lb.)",49.38,
2001,230120.01,"Fish meal, in bulk, 64/65% protein, FCA, Bremen ($/t)",465.32,
2001,240100.01,"Tobacco, unmanufactured, US import unit value  ($/t)",3005.1,
2001,251000.01,"Phosphate rock, Khouribga, 70% BPL, contract, FAS Casablanca ($/t)",44,
2001,260100.04,"Iron ore, Brazilian to Europe, Vale Itabira SSF, 64.5% Fe content, FOB (¢/Fe unit)",28.92,
2001,260800.02,"Zinc, Prime Western, delivered, North America (¢/lb.)",43.95,
2001,270900.01,"Crude oil, UK Brent, light blend API 38°, spot price, FOB UK ports ($/barrel)",24.42,
2001,270900.02,"Crude oil, Dubai, medium, Fateh API 32°, spot price, FOB Dubai ($/barrel)",22.71,
2001,271100.01,"Natural gas, index, Europe, United States and Japan (2010=100)",70.46,
2001,400100.01,"Rubber, TSR 20, New York CIF ($/t)",613.19,
2001,400100.02,"Rubber, RSS n°3, Singapore Commodity Exchange, 1st contract (¢/kg)",57.51,
2001,410100.01,"Cattle hides, US Chicago packer's heavy native steers, FOB shipping point (¢/lb.)",84.6,
2001,440300.01,"Tropical logs, Sapele, high quality (loyal and marchand), FOB, Cameroon ($/m3)",266.05,
2001,440300.02,"Tropical logs, Okoume (60% CI, 40% CE, 20% CS), West Africa, FOB ($/m3)",195.27,
2001,440700.01,"Sawnwood, Dark Red Meranti, Malaysia, CFR plus commission, UK ($/m3)",481.35,
2001,441200.01,"Plywood, Africa & SE Asia, Lauan, 3-ply, 91cmx182cmx4mm, wholesale Tokyo (¢/sheet)",409.8,
2001,510100.01,"Fine wool, 19 micron, Australia ($/t)",6234.36,
2001,510100.02,"Coarse wool, 23 micron, AWEX auction price, Australia ($/t)",3324.31,
2001,530300.01,"Jute, Bangladesh, BWD, FOB Mongla ($/t)",329.61,
2001,530500.01,"Sisal, Tanzania/Kenya, n° 2 & 3 long, FOB ($/t)",842.34,
2001,530500.02,"Sisal, Tanzania/Kenya, n° 3 & UG, FOB ($/t)",698.97,
2002,020100.01,"Beef, Australia/New Zealand, frozen, CIF US ports ($/kg)",2.1,
2002,030212.01,"Salmon, fresh, fish-farm bred, export price, Norway ($/kg)",2.94,
2002,030613.01,"Shrimps, brown, no. 1, shell-on, headless, Mexico ($/kg)",10.38,
2002,080300.01,"Bananas, Central and South America, FOT, US import price ($/kg)",0.52,
2002,080300.02,"Bananas, Central America, Main Brands (average of US East and West Coast prices), FOR (US$/kg)",0.51,
2002,090100.01,"Coffee, Colombian mild Arabicas, ex-dock US (¢/lb.)",65.25,
2002,090100.02,"Coffee, Brazilian and other natural Arabicas, ex-dock USA (¢/lb.)",45.09,
2002,090100.03,"Coffee, other mild Arabicas, ex-dock US (¢/lb.)",60.43,
2002,090100.04,"Coffee, other mild Arabicas, ex-dock EU (¢/lb.)",62.31,
2002,090100.05,"Coffee, Robustas, ex-dock US (¢/lb.)",30.83,
2002,090100.06,"Coffee, Robustas, ex-dock EU (¢/lb.)",29.75,
2002,090200.01,"Tea, Kenya Mombasa/Nairobi, auction price ($/kg)",1.49,
2002,100100.01,"Wheat, United States, n° 2 Hard Red Winter (ordinary), FOB Gulf ($/t)",151.45,
2002,100100.02,"Wheat, Argentina, Trigo Pan, Up River, FOB ($/t)",129.39,
2002,100500.01,"Maize, Argentina, Rosario, Up River, FOB ($/t)",96.32,
2002,100500.02,"Maize, United States, n° 3 yellow, FOB Gulf ($/t)",100.5,
2002,100600.01,"Rice, Thailand, white milled, 5% broken, export price, FOB ($/t)",191.87,
2002,120100.01,"Soybeans, in bulk, United States, n° 2 yellow, CIF Rotterdam ($/t)",212.66,
2002,120810.01,"Soybean meal, in bulk, 45/46% protein, Hamburg FOB ex-mill ($/t)",195.7,
2002,150710.01,"Soybean oil, in bulk, Netherlands, FOB ex-mill ($/t)",461.71,
2002,150810.01,"Groundnut oil, in bulk, any origin, CIF Rotterdam ($/t)",719.43,
2002,151110.01,"Palm oil, in bulk, Malaysia/Indonesia, 5% FFA, CIF ($/t)",410.89,
2002,151311.01,"Coconut oil, in bulk, Philippines/Indonesia, CIF Rotterdam ($/t)",421,
2002,151321.01,"Palm kernel oil, in bulk, Malaysia/Indonesia, CIF Rotterdam ($/t)",412.51,
2002,170100.01,"Sugar, average of I.S.A. daily prices, FOB & Stowed, in bulk, Caribbean ports (¢/lb.)",6.88,
2002,180100.01,"Cocoa beans, average daily prices New York/London (¢/lb.)",80.65,
2002,230120.01,"Fish meal, in bulk, 64/65% protein, FCA, Bremen ($/t)",638.83,
2002,240100.01,"Tobacco, unmanufactured, US import unit value  ($/t)",2743.54,
2002,251000.01,"Phosphate rock, Khouribga, 70% BPL, contract, FAS Casablanca ($/t)",44,
2002,260100.04,"Iron ore, Brazilian to Europe, Vale Itabira SSF, 64.5% Fe content, FOB (¢/Fe unit)",28.62,
2002,260800.02,"Zinc, Prime Western, delivered, North America (¢/lb.)",38.64,
2002,270900.01,"Crude oil, UK Brent, light blend API 38°, spot price, FOB UK ports ($/barrel)",24.96,
2002,270900.02,"Crude oil, Dubai, medium, Fateh API 32°, spot price, FOB Dubai ($/barrel)",23.72,
2002,271100.01,"Natural gas, index, Europe, United States and Japan (2010=100)",58.14,
2002,400100.01,"Rubber, TSR 20, New York CIF ($/t)",856.27,
2002,400100.02,"Rubber, RSS n°3, Singapore Commodity Exchange, 1st contract (¢/kg)",76.49,
2002,410100.01,"Cattle hides, US Chicago packer's heavy native steers, FOB shipping point (¢/lb.)",82.12,
2002,440300.01,"Tropical logs, Sapele, high quality (loyal and marchand), FOB, Cameroon ($/m3)",236.02,
2002,440300.02,"Tropical logs, Okoume (60% CI, 40% CE, 20% CS), West Africa, FOB ($/m3)",201.27,
2002,440700.01,"Sawnwood, Dark Red Meranti, Malaysia, CFR plus commission, UK ($/m3)",526.81,
2002,441200.01,"Plywood, Africa & SE Asia, Lauan, 3-ply, 91cmx182cmx4mm, wholesale Tokyo (¢/sheet)",402.73,
2002,510100.01,"Fine wool, 19 micron, Australia ($/t)",6444.07,
2002,510100.02,"Coarse wool, 23 micron, AWEX auction price, Australia ($/t)",5656.51,
2002,530500.01,"Sisal, Tanzania/Kenya, n° 2 & 3 long, FOB ($/t)",777.4,
2002,530500.02,"Sisal, Tanzania/Kenya, n° 3 & UG, FOB ($/t)",659.91,
2003,020100.01,"Beef, Australia/New Zealand, frozen, CIF US ports ($/kg)",2.12,
2003,030212.01,"Salmon, fresh, fish-farm bred, export price, Norway ($/kg)",3,
2003,030613.01,"Shrimps, brown, no. 1, shell-on, headless, Mexico ($/kg)",10.77,
2003,080300.01,"Bananas, Central and South America, FOT, US import price ($/kg)",0.37,
2003,080300.02,"Bananas, Central America, Main Brands (average of US East and West Coast prices), FOR (US$/kg)",0.37,
2003,090100.01,"Coffee, Colombian mild Arabicas, ex-dock US (¢/lb.)",67.3,
2003,090100.02,"Coffee, Brazilian and other natural Arabicas, ex-dock USA (¢/lb.)",50.82,
2003,090100.03,"Coffee, other mild Arabicas, ex-dock US (¢/lb.)",64.08,
2003,090100.04,"Coffee, other mild Arabicas, ex-dock EU (¢/lb.)",64.29,
2003,090100.05,"Coffee, Robustas, ex-dock US (¢/lb.)",38.39,
2003,090100.06,"Coffee, Robustas, ex-dock EU (¢/lb.)",36.49,
2003,090200.01,"Tea, Kenya Mombasa/Nairobi, auction price ($/kg)",1.54,
2003,100100.01,"Wheat, United States, n° 2 Hard Red Winter (ordinary), FOB Gulf ($/t)",150.38,
2003,100100.02,"Wheat, Argentina, Trigo Pan, Up River, FOB ($/t)",151.64,
2003,100500.01,"Maize, Argentina, Rosario, Up River, FOB ($/t)",102.25,
2003,100500.02,"Maize, United States, n° 3 yellow, FOB Gulf ($/t)",106.99,
2003,100600.01,"Rice, Thailand, white milled, 5% broken, export price, FOB ($/t)",197.61,
2003,120100.01,"Soybeans, in bulk, United States, n° 2 yellow, CIF Rotterdam ($/t)",264,
2003,120810.01,"Soybean meal, in bulk, 45/46% protein, Hamburg FOB ex-mill ($/t)",232.64,
2003,150710.01,"Soybean oil, in bulk, Netherlands, FOB ex-mill ($/t)",558.58,
2003,150810.01,"Groundnut oil, in bulk, any origin, CIF Rotterdam ($/t)",1209.44,
2003,151110.01,"Palm oil, in bulk, Malaysia/Indonesia, 5% FFA, CIF ($/t)",476.7,
2003,151211.01,"Sunflower oil, in bulk, European Union, FOB N.W. European ports ($/t)",593.33,
2003,151311.01,"Coconut oil, in bulk, Philippines/Indonesia, CIF Rotterdam ($/t)",467.33,
2003,151321.01,"Palm kernel oil, in bulk, Malaysia/Indonesia, CIF Rotterdam ($/t)",457.03,
2003,170100.01,"Sugar, average of I.S.A. daily prices, FOB & Stowed, in bulk, Caribbean ports (¢/lb.)",7.08,
2003,180100.01,"Cocoa beans, average daily prices New York/London (¢/lb.)",79.6,
2003,230120.01,"Fish meal, in bulk, 64/65% protein, FCA, Bremen ($/t)",640.33,
2003,240100.01,"Tobacco, unmanufactured, US import unit value  ($/t)",2647.73,
2003,251000.01,"Phosphate rock, Khouribga, 70% BPL, contract, FAS Casablanca ($/t)",44,
2003,260100.04,"Iron ore, Brazilian to Europe, Vale Itabira SSF, 64.5% Fe content, FOB (¢/Fe unit)",31.04,
2003,260800.02,"Zinc, Prime Western, delivered, North America (¢/lb.)",40.63,
2003,270900.01,"Crude oil, UK Brent, light blend API 38°, spot price, FOB UK ports ($/barrel)",28.85,
2003,270900.02,"Crude oil, Dubai, medium, Fateh API 32°, spot price, FOB Dubai ($/barrel)",26.73,
2003,271100.01,"Natural gas, index, Europe, United States and Japan (2010=100)",88.46,
2003,400100.01,"Rubber, TSR 20, New York CIF ($/t)",1120.13,
2003,400100.02,"Rubber, RSS n°3, Singapore Commodity Exchange, 1st contract (¢/kg)",108.27,
2003,410100.01,"Cattle hides, US Chicago packer's heavy native steers, FOB shipping point (¢/lb.)",68.31,
2003,440300.01,"Tropical logs, Sapele, high quality (loyal and marchand), FOB, Cameroon ($/m3)",279.48,
2003,440300.02,"Tropical logs, Okoume (60% CI, 40% CE, 20% CS), West Africa, FOB ($/m3)",242.64,
2003,440700.01,"Sawnwood, Dark Red Meranti, Malaysia, CFR plus commission, UK ($/m3)",550.99,
2003,441200.01,"Plywood, Africa & SE Asia, Lauan, 3-ply, 91cmx182cmx4mm, wholesale Tokyo (¢/sheet)",431.87,
2003,510100.01,"Fine wool, 19 micron, Australia ($/t)",7020.4,
2003,510100.02,"Coarse wool, 23 micron, AWEX auction price, Australia ($/t)",6589.91,
2003,530300.01,"Jute, Bangladesh, BWD, FOB Mongla ($/t)",241.96,
2003,530500.01,"Sisal, Tanzania/Kenya, n° 2 & 3 long, FOB ($/t)",798.41,
2003,530500.02,"Sisal, Tanzania/Kenya, n° 3 & UG, FOB ($/t)",698.41,
2004,020100.01,"Beef, Australia/New Zealand, frozen, CIF US ports ($/kg)",2.67,
2004,030212.01,"Salmon, fresh, fish-farm bred, export price, Norway ($/kg)",3.35,
2004,030613.01,"Shrimps, brown, no. 1, shell-on, headless, Mexico ($/kg)",10.11,
2004,080300.01,"Bananas, Central and South America, FOT, US import price ($/kg)",0.52,
2004,080300.02,"Bananas, Central America, Main Brands (average of US East and West Coast prices), FOR (US$/kg)",0.52,
2004,090100.01,"Coffee, Colombian mild Arabicas, ex-dock US (¢/lb.)",84.15,
2004,090100.02,"Coffee, Brazilian and other natural Arabicas, ex-dock USA (¢/lb.)",68.17,
2004,090100.03,"Coffee, other mild Arabicas, ex-dock US (¢/lb.)",80.14,
2004,090100.04,"Coffee, other mild Arabicas, ex-dock EU (¢/lb.)",80.63,
2004,090100.05,"Coffee, Robustas, ex-dock US (¢/lb.)",37.27,
2004,090100.06,"Coffee, Robustas, ex-dock EU (¢/lb.)",35.65,
2004,090200.01,"Tea, Kenya Mombasa/Nairobi, auction price ($/kg)",1.55,
2004,100100.01,"Wheat, United States, n° 2 Hard Red Winter (ordinary), FOB Gulf ($/t)",160.61,
2004,100100.02,"Wheat, Argentina, Trigo Pan, Up River, FOB ($/t)",137.48,
2004,100500.01,"Maize, Argentina, Rosario, Up River, FOB ($/t)",104.33,
2004,100500.02,"Maize, United States, n° 3 yellow, FOB Gulf ($/t)",112.31,
2004,100600.01,"Rice, Thailand, white milled, 5% broken, export price, FOB ($/t)",237.66,
2004,120100.01,"Soybeans, in bulk, United States, n° 2 yellow, CIF Rotterdam ($/t)",306.5,
2004,120810.01,"Soybean meal, in bulk, 45/46% protein, Hamburg FOB ex-mill ($/t)",259.88,
2004,150710.01,"Soybean oil, in bulk, Netherlands, FOB ex-mill ($/t)",618.22,
2004,150810.01,"Groundnut oil, in bulk, any origin, CIF Rotterdam ($/t)",1291.62,
2004,151110.01,"Palm oil, in bulk, Malaysia/Indonesia, 5% FFA, CIF ($/t)",499.28,
2004,151211.01,"Sunflower oil, in bulk, European Union, FOB N.W. European ports ($/t)",684.08,
2004,151311.01,"Coconut oil, in bulk, Philippines/Indonesia, CIF Rotterdam ($/t)",660.75,
2004,151321.01,"Palm kernel oil, in bulk, Malaysia/Indonesia, CIF Rotterdam ($/t)",657.45,
2004,170100.01,"Sugar, average of I.S.A. daily prices, FOB & Stowed, in bulk, Caribbean ports (¢/lb.)",7.16,
2004,180100.01,"Cocoa beans, average daily prices New York/London (¢/lb.)",70.23,
2004,230120.01,"Fish meal, in bulk, 64/65% protein, FCA, Bremen ($/t)",648.58,
2004,240100.01,"Tobacco, unmanufactured, US import unit value  ($/t)",2740.65,
2004,251000.01,"Phosphate rock, Khouribga, 70% BPL, contract, FAS Casablanca ($/t)",44,
2004,260100.04,"Iron ore, Brazilian to Europe, Vale Itabira SSF, 64.5% Fe content, FOB (¢/Fe unit)",36.45,
2004,260800.02,"Zinc, Prime Western, delivered, North America (¢/lb.)",52.46,
2004,270900.01,"Crude oil, UK Brent, light blend API 38°, spot price, FOB UK ports ($/barrel)",38.3,
2004,270900.02,"Crude oil, Dubai, medium, Fateh API 32°, spot price, FOB Dubai ($/barrel)",33.45,
2004,271100.01,"Natural gas, index, Europe, United States and Japan (2010=100)",95.39,
2004,400100.01,"Rubber, TSR 20, New York CIF ($/t)",1350.55,
2004,400100.02,"Rubber, RSS n°3, Singapore Commodity Exchange, 1st contract (¢/kg)",128.03,
2004,410100.01,"Cattle hides, US Chicago packer's heavy native steers, FOB shipping point (¢/lb.)",67.16,
2004,440300.01,"Tropical logs, Sapele, high quality (loyal and marchand), FOB, Cameroon ($/m3)",331.3,
2004,440300.02,"Tropical logs, Okoume (60% CI, 40% CE, 20% CS), West Africa, FOB ($/m3)",273.49,
2004,440700.01,"Sawnwood, Dark Red Meranti, Malaysia, CFR plus commission, UK ($/m3)",581.29,
2004,441200.01,"Plywood, Africa & SE Asia, Lauan, 3-ply, 91cmx182cmx4mm, wholesale Tokyo (¢/sheet)",464.82,
2004,510100.01,"Fine wool, 19 micron, Australia ($/t)",7132.8,
2004,510100.02,"Coarse wool, 23 micron, AWEX auction price, Australia ($/t)",5532,
2004,530500.01,"Sisal, Tanzania/Kenya, n° 2 & 3 long, FOB ($/t)",967.5,
2004,530500.02,"Sisal, Tanzania/Kenya, n° 3 & UG, FOB ($/t)",873.75,
2005,020100.01,"Beef, Australia/New Zealand, frozen, CIF US ports ($/kg)",2.73,
2005,030212.01,"Salmon, fresh, fish-farm bred, export price, Norway ($/kg)",4.06,
2005,030613.01,"Shrimps, brown, no. 1, shell-on, headless, Mexico ($/kg)",9.7,
2005,080300.01,"Bananas, Central and South America, FOT, US import price ($/kg)",0.6,
2005,080300.02,"Bananas, Central America, Main Brands (average of US East and West Coast prices), FOR (US$/kg)",0.59,
2005,090100.01,"Coffee, Colombian mild Arabicas, ex-dock US (¢/lb.)",117.01,
2005,090100.02,"Coffee, Brazilian and other natural Arabicas, ex-dock USA (¢/lb.)",101.36,
2005,090100.03,"Coffee, other mild Arabicas, ex-dock US (¢/lb.)",114.29,
2005,090100.04,"Coffee, other mild Arabicas, ex-dock EU (¢/lb.)",115.22,
2005,090100.05,"Coffee, Robustas, ex-dock US (¢/lb.)",53.37,
2005,090100.06,"Coffee, Robustas, ex-dock EU (¢/lb.)",49.87,
2005,090200.01,"Tea, Kenya Mombasa/Nairobi, auction price ($/kg)",1.47,
2005,100100.01,"Wheat, United States, n° 2 Hard Red Winter (ordinary), FOB Gulf ($/t)",158.36,
2005,100100.02,"Wheat, Argentina, Trigo Pan, Up River, FOB ($/t)",130.57,
2005,100500.01,"Maize, Argentina, Rosario, Up River, FOB ($/t)",90.01,
2005,100500.02,"Maize, United States, n° 3 yellow, FOB Gulf ($/t)",98.93,
2005,100600.01,"Rice, Thailand, white milled, 5% broken, export price, FOB ($/t)",286.27,
2005,120100.01,"Soybeans, in bulk, United States, n° 2 yellow, CIF Rotterdam ($/t)",274.68,
2005,120810.01,"Soybean meal, in bulk, 45/46% protein, Hamburg FOB ex-mill ($/t)",236.76,
2005,150710.01,"Soybean oil, in bulk, Netherlands, FOB ex-mill ($/t)",544.59,
2005,150810.01,"Groundnut oil, in bulk, any origin, CIF Rotterdam ($/t)",1170.98,
2005,151110.01,"Palm oil, in bulk, Malaysia/Indonesia, 5% FFA, CIF ($/t)",450.56,
2005,151211.01,"Sunflower oil, in bulk, European Union, FOB N.W. European ports ($/t)",677.33,
2005,151311.01,"Coconut oil, in bulk, Philippines/Indonesia, CIF Rotterdam ($/t)",616.97,
2005,151321.01,"Palm kernel oil, in bulk, Malaysia/Indonesia, CIF Rotterdam ($/t)",630.82,
2005,170100.01,"Sugar, average of I.S.A. daily prices, FOB & Stowed, in bulk, Caribbean ports (¢/lb.)",9.88,
2005,180100.01,"Cocoa beans, average daily prices New York/London (¢/lb.)",69.76,
2005,230120.01,"Fish meal, in bulk, 64/65% protein, FCA, Bremen ($/t)",676.59,
2005,240100.01,"Tobacco, unmanufactured, US import unit value  ($/t)",2789.19,
2005,251000.01,"Phosphate rock, Khouribga, 70% BPL, contract, FAS Casablanca ($/t)",44,
2005,260100.04,"Iron ore, Brazilian to Europe, Vale Itabira SSF, 64.5% Fe content, FOB (¢/Fe unit)",62.51,
2005,260800.02,"Zinc, Prime Western, delivered, North America (¢/lb.)",67.11,
2005,270900.01,"Crude oil, UK Brent, light blend API 38°, spot price, FOB UK ports ($/barrel)",54.43,
2005,270900.02,"Crude oil, Dubai, medium, Fateh API 32°, spot price, FOB Dubai ($/barrel)",49.29,
2005,271100.01,"Natural gas, index, Europe, United States and Japan (2010=100)",142.4,
2005,400100.01,"Rubber, TSR 20, New York CIF ($/t)",1532.23,
2005,400100.02,"Rubber, RSS n°3, Singapore Commodity Exchange, 1st contract (¢/kg)",148.8,
2005,410100.01,"Cattle hides, US Chicago packer's heavy native steers, FOB shipping point (¢/lb.)",65.75,
2005,440300.01,"Tropical logs, Sapele, high quality (loyal and marchand), FOB, Cameroon ($/m3)",334.36,
2005,440300.02,"Tropical logs, Okoume (60% CI, 40% CE, 20% CS), West Africa, FOB ($/m3)",273.86,
2005,440700.01,"Sawnwood, Dark Red Meranti, Malaysia, CFR plus commission, UK ($/m3)",659.38,
2005,441200.01,"Plywood, Africa & SE Asia, Lauan, 3-ply, 91cmx182cmx4mm, wholesale Tokyo (¢/sheet)",508.6,
2005,510100.01,"Fine wool, 19 micron, Australia ($/t)",6777.26,
2005,510100.02,"Coarse wool, 23 micron, AWEX auction price, Australia ($/t)",5306.09,
2005,530500.01,"Sisal, Tanzania/Kenya, n° 2 & 3 long, FOB ($/t)",1000.83,
2005,530500.02,"Sisal, Tanzania/Kenya, n° 3 & UG, FOB ($/t)",900.83,
2006,020100.01,"Beef, Australia/New Zealand, frozen, CIF US ports ($/kg)",2.64,
2006,030212.01,"Salmon, fresh, fish-farm bred, export price, Norway ($/kg)",5.07,
2006,030613.01,"Shrimps, brown, no. 1, shell-on, headless, Mexico ($/kg)",9.6,
2006,080300.01,"Bananas, Central and South America, FOT, US import price ($/kg)",0.67,
2006,080300.02,"Bananas, Central America, Main Brands (average of US East and West Coast prices), FOR (US$/kg)",0.69,
2006,090100.01,"Coffee, Colombian mild Arabicas, ex-dock US (¢/lb.)",118.35,
2006,090100.02,"Coffee, Brazilian and other natural Arabicas, ex-dock USA (¢/lb.)",102.88,
2006,090100.03,"Coffee, other mild Arabicas, ex-dock US (¢/lb.)",113.95,
2006,090100.04,"Coffee, other mild Arabicas, ex-dock EU (¢/lb.)",114.79,
2006,090100.05,"Coffee, Robustas, ex-dock US (¢/lb.)",70.27,
2006,090100.06,"Coffee, Robustas, ex-dock EU (¢/lb.)",66.98,
2006,090200.01,"Tea, Kenya Mombasa/Nairobi, auction price ($/kg)",1.95,
2006,100100.01,"Wheat, United States, n° 2 Hard Red Winter (ordinary), FOB Gulf ($/t)",200.3,
2006,100100.02,"Wheat, Argentina, Trigo Pan, Up River, FOB ($/t)",153.75,
2006,100500.01,"Maize, Argentina, Rosario, Up River, FOB ($/t)",120.25,
2006,100500.02,"Maize, United States, n° 3 yellow, FOB Gulf ($/t)",123.05,
2006,100600.01,"Rice, Thailand, white milled, 5% broken, export price, FOB ($/t)",304.87,
2006,120100.01,"Soybeans, in bulk, United States, n° 2 yellow, CIF Rotterdam ($/t)",268.64,
2006,120810.01,"Soybean meal, in bulk, 45/46% protein, Hamburg FOB ex-mill ($/t)",227.36,
2006,150710.01,"Soybean oil, in bulk, Netherlands, FOB ex-mill ($/t)",599.33,
2006,150810.01,"Groundnut oil, in bulk, any origin, CIF Rotterdam ($/t)",1019.47,
2006,151110.01,"Palm oil, in bulk, Malaysia/Indonesia, 5% FFA, CIF ($/t)",508.29,
2006,151211.01,"Sunflower oil, in bulk, European Union, FOB N.W. European ports ($/t)",658,
2006,151311.01,"Coconut oil, in bulk, Philippines/Indonesia, CIF Rotterdam ($/t)",606.9,
2006,151321.01,"Palm kernel oil, in bulk, Malaysia/Indonesia, CIF Rotterdam ($/t)",578.56,
2006,170100.01,"Sugar, average of I.S.A. daily prices, FOB & Stowed, in bulk, Caribbean ports (¢/lb.)",14.76,
2006,180100.01,"Cocoa beans, average daily prices New York/London (¢/lb.)",72.23,
2006,230120.01,"Fish meal, in bulk, 64/65% protein, FCA, Bremen ($/t)",755.35,
2006,240100.01,"Tobacco, unmanufactured, US import unit value  ($/t)",2969,
2006,251000.01,"Phosphate rock, Khouribga, 70% BPL, contract, FAS Casablanca ($/t)",44,
2006,260100.04,"Iron ore, Brazilian to Europe, Vale Itabira SSF, 64.5% Fe content, FOB (¢/Fe unit)",74.39,
2006,260800.02,"Zinc, Prime Western, delivered, North America (¢/lb.)",158.87,
2006,270900.01,"Crude oil, UK Brent, light blend API 38°, spot price, FOB UK ports ($/barrel)",65.39,
2006,270900.02,"Crude oil, Dubai, medium, Fateh API 32°, spot price, FOB Dubai ($/barrel)",61.43,
2006,271100.01,"Natural gas, index, Europe, United States and Japan (2010=100)",126.66,
2006,400100.01,"Rubber, TSR 20, New York CIF ($/t)",2103.09,
2006,400100.02,"Rubber, RSS n°3, Singapore Commodity Exchange, 1st contract (¢/kg)",207.87,
2006,410100.01,"Cattle hides, US Chicago packer's heavy native steers, FOB shipping point (¢/lb.)",69.08,
2006,440300.01,"Tropical logs, Sapele, high quality (loyal and marchand), FOB, Cameroon ($/m3)",318.47,
2006,440300.02,"Tropical logs, Okoume (60% CI, 40% CE, 20% CS), West Africa, FOB ($/m3)",300.04,
2006,440700.01,"Sawnwood, Dark Red Meranti, Malaysia, CFR plus commission, UK ($/m3)",749.34,
2006,441200.01,"Plywood, Africa & SE Asia, Lauan, 3-ply, 91cmx182cmx4mm, wholesale Tokyo (¢/sheet)",595.56,
2006,510100.01,"Fine wool, 19 micron, Australia ($/t)",7159.3,
2006,510100.02,"Coarse wool, 23 micron, AWEX auction price, Australia ($/t)",5405.84,
2006,530500.01,"Sisal, Tanzania/Kenya, n° 2 & 3 long, FOB ($/t)",1049.16,
2006,530500.02,"Sisal, Tanzania/Kenya, n° 3 & UG, FOB ($/t)",947.5,
2007,020100.01,"Beef, Australia/New Zealand, frozen, CIF US ports ($/kg)",2.69,
2007,030212.01,"Salmon, fresh, fish-farm bred, export price, Norway ($/kg)",4.55,
2007,030613.01,"Shrimps, brown, no. 1, shell-on, headless, Mexico ($/kg)",9.67,
2007,080300.01,"Bananas, Central and South America, FOT, US import price ($/kg)",0.67,
2007,080300.02,"Bananas, Central America, Main Brands (average of US East and West Coast prices), FOR (US$/kg)",0.68,
2007,090100.01,"Coffee, Colombian mild Arabicas, ex-dock US (¢/lb.)",126.74,
2007,090100.02,"Coffee, Brazilian and other natural Arabicas, ex-dock USA (¢/lb.)",110.72,
2007,090100.03,"Coffee, other mild Arabicas, ex-dock US (¢/lb.)",123.2,
2007,090100.04,"Coffee, other mild Arabicas, ex-dock EU (¢/lb.)",123.8,
2007,090100.05,"Coffee, Robustas, ex-dock US (¢/lb.)",88.29,
2007,090100.06,"Coffee, Robustas, ex-dock EU (¢/lb.)",86.28,
2007,090200.01,"Tea, Kenya Mombasa/Nairobi, auction price ($/kg)",1.66,
2007,100100.01,"Wheat, United States, n° 2 Hard Red Winter (ordinary), FOB Gulf ($/t)",269.1,
2007,100100.02,"Wheat, Argentina, Trigo Pan, Up River, FOB ($/t)",250.16,
2007,100500.01,"Maize, Argentina, Rosario, Up River, FOB ($/t)",163.71,
2007,100500.02,"Maize, United States, n° 3 yellow, FOB Gulf ($/t)",170.11,
2007,100600.01,"Rice, Thailand, white milled, 5% broken, export price, FOB ($/t)",326.43,
2007,120100.01,"Soybeans, in bulk, United States, n° 2 yellow, CIF Rotterdam ($/t)",383.1,
2007,120810.01,"Soybean meal, in bulk, 45/46% protein, Hamburg FOB ex-mill ($/t)",321.93,
2007,150710.01,"Soybean oil, in bulk, Netherlands, FOB ex-mill ($/t)",886.05,
2007,150810.01,"Groundnut oil, in bulk, any origin, CIF Rotterdam ($/t)",1375.13,
2007,151110.01,"Palm oil, in bulk, Malaysia/Indonesia, 5% FFA, CIF ($/t)",816.68,
2007,151211.01,"Sunflower oil, in bulk, European Union, FOB N.W. European ports ($/t)",1021.91,
2007,151311.01,"Coconut oil, in bulk, Philippines/Indonesia, CIF Rotterdam ($/t)",918.87,
2007,151321.01,"Palm kernel oil, in bulk, Malaysia/Indonesia, CIF Rotterdam ($/t)",888.4,
2007,170100.01,"Sugar, average of I.S.A. daily prices, FOB & Stowed, in bulk, Caribbean ports (¢/lb.)",10.08,
2007,180100.01,"Cocoa beans, average daily prices New York/London (¢/lb.)",88.55,
2007,230120.01,"Fish meal, in bulk, 64/65% protein, FCA, Bremen ($/t)",1166.49,
2007,240100.01,"Tobacco, unmanufactured, US import unit value  ($/t)",3315.37,
2007,251000.01,"Phosphate rock, Khouribga, 70% BPL, contract, FAS Casablanca ($/t)",52.02,
2007,260100.04,"Iron ore, Brazilian to Europe, Vale Itabira SSF, 64.5% Fe content, FOB (¢/Fe unit)",81.46,
2007,260800.02,"Zinc, Prime Western, delivered, North America (¢/lb.)",154.39,
2007,270900.01,"Crude oil, UK Brent, light blend API 38°, spot price, FOB UK ports ($/barrel)",72.69,
2007,270900.02,"Crude oil, Dubai, medium, Fateh API 32°, spot price, FOB Dubai ($/barrel)",68.36,
2007,271100.01,"Natural gas, index, Europe, United States and Japan (2010=100)",130.66,
2007,400100.01,"Rubber, TSR 20, New York CIF ($/t)",2320.5,
2007,400100.02,"Rubber, RSS n°3, Singapore Commodity Exchange, 1st contract (¢/kg)",226.3,
2007,410100.01,"Cattle hides, US Chicago packer's heavy native steers, FOB shipping point (¢/lb.)",72.16,
2007,440300.01,"Tropical logs, Sapele, high quality (loyal and marchand), FOB, Cameroon ($/m3)",381.32,
2007,440300.02,"Tropical logs, Okoume (60% CI, 40% CE, 20% CS), West Africa, FOB ($/m3)",326.75,
2007,440700.01,"Sawnwood, Dark Red Meranti, Malaysia, CFR plus commission, UK ($/m3)",806.29,
2007,441200.01,"Plywood, Africa & SE Asia, Lauan, 3-ply, 91cmx182cmx4mm, wholesale Tokyo (¢/sheet)",640.71,
2007,510100.01,"Fine wool, 19 micron, Australia ($/t)",9728.83,
2007,510100.02,"Coarse wool, 23 micron, AWEX auction price, Australia ($/t)",7648.67,
2007,530300.01,"Jute, Bangladesh, BWD, FOB Mongla ($/t)",333.33,
2007,530500.01,"Sisal, Tanzania/Kenya, n° 2 & 3 long, FOB ($/t)",1023.33,
2007,530500.02,"Sisal, Tanzania/Kenya, n° 3 & UG, FOB ($/t)",958.33,
2008,020100.01,"Beef, Australia/New Zealand, frozen, CIF US ports ($/kg)",3.23,
2008,030212.01,"Salmon, fresh, fish-farm bred, export price, Norway ($/kg)",4.85,
2008,030613.01,"Shrimps, brown, no. 1, shell-on, headless, Mexico ($/kg)",10.51,
2008,080300.01,"Bananas, Central and South America, FOT, US import price ($/kg)",0.84,
2008,080300.02,"Bananas, Central America, Main Brands (average of US East and West Coast prices), FOR (US$/kg)",0.94,
2008,090100.01,"Coffee, Colombian mild Arabicas, ex-dock US (¢/lb.)",145.84,
2008,090100.02,"Coffee, Brazilian and other natural Arabicas, ex-dock USA (¢/lb.)",122.5,
2008,090100.03,"Coffee, other mild Arabicas, ex-dock US (¢/lb.)",138.31,
2008,090100.04,"Coffee, other mild Arabicas, ex-dock EU (¢/lb.)",140.85,
2008,090100.05,"Coffee, Robustas, ex-dock US (¢/lb.)",106.31,
2008,090100.06,"Coffee, Robustas, ex-dock EU (¢/lb.)",105.02,
2008,090200.01,"Tea, Kenya Mombasa/Nairobi, auction price ($/kg)",2.21,
2008,100100.01,"Wheat, United States, n° 2 Hard Red Winter (ordinary), FOB Gulf ($/t)",343.25,
2008,100500.01,"Maize, Argentina, Rosario, Up River, FOB ($/t)",206.38,
2008,100500.02,"Maize, United States, n° 3 yellow, FOB Gulf ($/t)",227.92,
2008,100600.01,"Rice, Thailand, white milled, 5% broken, export price, FOB ($/t)",650.18,
2008,120100.01,"Soybeans, in bulk, United States, n° 2 yellow, CIF Rotterdam ($/t)",521.87,
2008,120810.01,"Soybean meal, in bulk, 45/46% protein, Hamburg FOB ex-mill ($/t)",442.13,
2008,150710.01,"Soybean oil, in bulk, Netherlands, FOB ex-mill ($/t)",1260.81,
2008,150810.01,"Groundnut oil, in bulk, any origin, CIF Rotterdam ($/t)",2144.74,
2008,151110.01,"Palm oil, in bulk, Malaysia/Indonesia, 5% FFA, CIF ($/t)",1042.92,
2008,151211.01,"Sunflower oil, in bulk, European Union, FOB N.W. European ports ($/t)",1498.91,
2008,151311.01,"Coconut oil, in bulk, Philippines/Indonesia, CIF Rotterdam ($/t)",1224,
2008,151321.01,"Palm kernel oil, in bulk, Malaysia/Indonesia, CIF Rotterdam ($/t)",1124.88,
2008,170100.01,"Sugar, average of I.S.A. daily prices, FOB & Stowed, in bulk, Caribbean ports (¢/lb.)",12.79,
2008,180100.01,"Cocoa beans, average daily prices New York/London (¢/lb.)",117.06,
2008,230120.01,"Fish meal, in bulk, 64/65% protein, FCA, Bremen ($/t)",1203.53,
2008,240100.01,"Tobacco, unmanufactured, US import unit value  ($/t)",3590.06,
2008,251000.01,"Phosphate rock, Khouribga, 70% BPL, contract, FAS Casablanca ($/t)",242.73,
2008,260100.04,"Iron ore, Brazilian to Europe, Vale Itabira SSF, 64.5% Fe content, FOB (¢/Fe unit)",134.41,
2008,260800.02,"Zinc, Prime Western, delivered, North America (¢/lb.)",88.92,
2008,270900.01,"Crude oil, UK Brent, light blend API 38°, spot price, FOB UK ports ($/barrel)",97.63,
2008,270900.02,"Crude oil, Dubai, medium, Fateh API 32°, spot price, FOB Dubai ($/barrel)",93.77,
2008,271100.01,"Natural gas, index, Europe, United States and Japan (2010=100)",179.77,
2008,400100.01,"Rubber, TSR 20, New York CIF ($/t)",2707.87,
2008,400100.02,"Rubber, RSS n°3, Singapore Commodity Exchange, 1st contract (¢/kg)",258.62,
2008,410100.01,"Cattle hides, US Chicago packer's heavy native steers, FOB shipping point (¢/lb.)",64,
2008,440300.01,"Tropical logs, Sapele, high quality (loyal and marchand), FOB, Cameroon ($/m3)",526.88,
2008,440300.02,"Tropical logs, Okoume (60% CI, 40% CE, 20% CS), West Africa, FOB ($/m3)",249.38,
2008,440700.01,"Sawnwood, Dark Red Meranti, Malaysia, CFR plus commission, UK ($/m3)",889.09,
2008,441200.01,"Plywood, Africa & SE Asia, Lauan, 3-ply, 91cmx182cmx4mm, wholesale Tokyo (¢/sheet)",645.45,
2008,510100.01,"Fine wool, 19 micron, Australia ($/t)",9682.09,
2008,510100.02,"Coarse wool, 23 micron, AWEX auction price, Australia ($/t)",7092.08,
2008,530300.01,"Jute, Bangladesh, BWD, FOB Mongla ($/t)",467.5,
2008,530500.01,"Sisal, Tanzania/Kenya, n° 2 & 3 long, FOB ($/t)",1137.29,
2008,530500.02,"Sisal, Tanzania/Kenya, n° 3 & UG, FOB ($/t)",1076.87,
2009,020100.01,"Beef, Australia/New Zealand, frozen, CIF US ports ($/kg)",2.72,
2009,030212.01,"Salmon, fresh, fish-farm bred, export price, Norway ($/kg)",4.94,
2009,030613.01,"Shrimps, brown, no. 1, shell-on, headless, Mexico ($/kg)",8.91,
2009,080300.01,"Bananas, Central and South America, FOT, US import price ($/kg)",0.84,
2009,080300.02,"Bananas, Central America, Main Brands (average of US East and West Coast prices), FOR (US$/kg)",0.98,
2009,090100.01,"Coffee, Colombian mild Arabicas, ex-dock US (¢/lb.)",180.87,
2009,090100.02,"Coffee, Brazilian and other natural Arabicas, ex-dock USA (¢/lb.)",111.39,
2009,090100.03,"Coffee, other mild Arabicas, ex-dock US (¢/lb.)",141.65,
2009,090100.04,"Coffee, other mild Arabicas, ex-dock EU (¢/lb.)",145.48,
2009,090100.05,"Coffee, Robustas, ex-dock US (¢/lb.)",77.15,
2009,090100.06,"Coffee, Robustas, ex-dock EU (¢/lb.)",74.02,
2009,090200.01,"Tea, Kenya Mombasa/Nairobi, auction price ($/kg)",2.51,
2009,100100.01,"Wheat, United States, n° 2 Hard Red Winter (ordinary), FOB Gulf ($/t)",235.16,
2009,100100.02,"Wheat, Argentina, Trigo Pan, Up River, FOB ($/t)",219,
2009,100500.01,"Maize, Argentina, Rosario, Up River, FOB ($/t)",169.95,
2009,100500.02,"Maize, United States, n° 3 yellow, FOB Gulf ($/t)",172.21,
2009,100600.01,"Rice, Thailand, white milled, 5% broken, export price, FOB ($/t)",554.99,
2009,120100.01,"Soybeans, in bulk, United States, n° 2 yellow, CIF Rotterdam ($/t)",423.62,
2009,120810.01,"Soybean meal, in bulk, 45/46% protein, Hamburg FOB ex-mill ($/t)",423.57,
2009,150710.01,"Soybean oil, in bulk, Netherlands, FOB ex-mill ($/t)",853.06,
2009,150810.01,"Groundnut oil, in bulk, any origin, CIF Rotterdam ($/t)",1352.59,
2009,151110.01,"Palm oil, in bulk, Malaysia/Indonesia, 5% FFA, CIF ($/t)",741.14,
2009,151211.01,"Sunflower oil, in bulk, European Union, FOB N.W. European ports ($/t)",854.66,
2009,151311.01,"Coconut oil, in bulk, Philippines/Indonesia, CIF Rotterdam ($/t)",725.37,
2009,151321.01,"Palm kernel oil, in bulk, Malaysia/Indonesia, CIF Rotterdam ($/t)",699.02,
2009,170100.01,"Sugar, average of I.S.A. daily prices, FOB & Stowed, in bulk, Caribbean ports (¢/lb.)",18.14,
2009,180100.01,"Cocoa beans, average daily prices New York/London (¢/lb.)",131.03,
2009,230120.01,"Fish meal, in bulk, 64/65% protein, FCA, Bremen ($/t)",1191.1,
2009,240100.01,"Tobacco, unmanufactured, US import unit value  ($/t)",4239.71,
2009,251000.01,"Phosphate rock, Khouribga, 70% BPL, contract, FAS Casablanca ($/t)",222.75,
2009,260100.04,"Iron ore, Brazilian to Europe, Vale Itabira SSF, 64.5% Fe content, FOB (¢/Fe unit)",96.51,
2009,260800.02,"Zinc, Prime Western, delivered, North America (¢/lb.)",77.74,
2009,270900.01,"Crude oil, UK Brent, light blend API 38°, spot price, FOB UK ports ($/barrel)",61.86,
2009,270900.02,"Crude oil, Dubai, medium, Fateh API 32°, spot price, FOB Dubai ($/barrel)",61.75,
2009,271100.01,"Natural gas, index, Europe, United States and Japan (2010=100)",95.43,
2009,400100.01,"Rubber, TSR 20, New York CIF ($/t)",1965.71,
2009,400100.02,"Rubber, RSS n°3, Singapore Commodity Exchange, 1st contract (¢/kg)",192.06,
2009,410100.01,"Cattle hides, US Chicago packer's heavy native steers, FOB shipping point (¢/lb.)",44.83,
2009,440300.01,"Tropical logs, Sapele, high quality (loyal and marchand), FOB, Cameroon ($/m3)",421.47,
2009,440300.02,"Tropical logs, Okoume (60% CI, 40% CE, 20% CS), West Africa, FOB ($/m3)",226.86,
2009,440700.01,"Sawnwood, Dark Red Meranti, Malaysia, CFR plus commission, UK ($/m3)",805.52,
2009,441200.01,"Plywood, Africa & SE Asia, Lauan, 3-ply, 91cmx182cmx4mm, wholesale Tokyo (¢/sheet)",564.62,
2009,510100.01,"Fine wool, 19 micron, Australia ($/t)",7784.53,
2009,510100.02,"Coarse wool, 23 micron, AWEX auction price, Australia ($/t)",6113.6,
2009,530300.01,"Jute, Bangladesh, BWD, FOB Mongla ($/t)",560.41,
2009,530500.02,"Sisal, Tanzania/Kenya, n° 3 & UG, FOB ($/t)",770.83,
2010,020100.01,"Beef, Australia/New Zealand, frozen, CIF US ports ($/kg)",3.41,
2010,030212.01,"Salmon, fresh, fish-farm bred, export price, Norway ($/kg)",6.15,
2010,030613.01,"Shrimps, brown, no. 1, shell-on, headless, Mexico ($/kg)",10.63,
2010,080300.01,"Bananas, Central and South America, FOT, US import price ($/kg)",0.86,
2010,080300.02,"Bananas, Central America, Main Brands (average of US East and West Coast prices), FOR (US$/kg)",0.92,
2010,090100.01,"Coffee, Colombian mild Arabicas, ex-dock US (¢/lb.)",223.76,
2010,090100.02,"Coffee, Brazilian and other natural Arabicas, ex-dock USA (¢/lb.)",145.71,
2010,090100.03,"Coffee, other mild Arabicas, ex-dock US (¢/lb.)",194.39,
2010,090100.04,"Coffee, other mild Arabicas, ex-dock EU (¢/lb.)",196.62,
2010,090100.05,"Coffee, Robustas, ex-dock US (¢/lb.)",84.08,
2010,090100.06,"Coffee, Robustas, ex-dock EU (¢/lb.)",77.62,
2010,090200.01,"Tea, Kenya Mombasa/Nairobi, auction price ($/kg)",2.56,
2010,100100.01,"Wheat, United States, n° 2 Hard Red Winter (ordinary), FOB Gulf ($/t)",243.07,
2010,100100.02,"Wheat, Argentina, Trigo Pan, Up River, FOB ($/t)",252.16,
2010,100500.01,"Maize, Argentina, Rosario, Up River, FOB ($/t)",196.68,
2010,100500.02,"Maize, United States, n° 3 yellow, FOB Gulf ($/t)",195.09,
2010,100600.01,"Rice, Thailand, white milled, 5% broken, export price, FOB ($/t)",488.9,
2010,120100.01,"Soybeans, in bulk, United States, n° 2 yellow, CIF Rotterdam ($/t)",447.1,
2010,120810.01,"Soybean meal, in bulk, 45/46% protein, Hamburg FOB ex-mill ($/t)",398.34,
2010,150710.01,"Soybean oil, in bulk, Netherlands, FOB ex-mill ($/t)",1000.85,
2010,150810.01,"Groundnut oil, in bulk, any origin, CIF Rotterdam ($/t)",1400.99,
2010,151110.01,"Palm oil, in bulk, Malaysia/Indonesia, 5% FFA, CIF ($/t)",933.02,
2010,151211.01,"Sunflower oil, in bulk, European Union, FOB N.W. European ports ($/t)",1074.33,
2010,151311.01,"Coconut oil, in bulk, Philippines/Indonesia, CIF Rotterdam ($/t)",1123.58,
2010,151321.01,"Palm kernel oil, in bulk, Malaysia/Indonesia, CIF Rotterdam ($/t)",1187.4,
2010,170100.01,"Sugar, average of I.S.A. daily prices, FOB & Stowed, in bulk, Caribbean ports (¢/lb.)",21.28,
2010,180100.01,"Cocoa beans, average daily prices New York/London (¢/lb.)",142.11,
2010,230120.01,"Fish meal, in bulk, 64/65% protein, FCA, Bremen ($/t)",1138.95,
2010,240100.01,"Tobacco, unmanufactured, US import unit value  ($/t)",4313.39,
2010,251000.01,"Phosphate rock, Khouribga, 70% BPL, contract, FAS Casablanca ($/t)",105.31,
2010,260800.02,"Zinc, Prime Western, delivered, North America (¢/lb.)",101.98,
2010,270900.01,"Crude oil, UK Brent, light blend API 38°, spot price, FOB UK ports ($/barrel)",79.63,
2010,270900.02,"Crude oil, Dubai, medium, Fateh API 32°, spot price, FOB Dubai ($/barrel)",78.06,
2010,271100.01,"Natural gas, index, Europe, United States and Japan (2010=100)",100,
2010,400100.01,"Rubber, TSR 20, New York CIF ($/t)",3577.51,
2010,400100.02,"Rubber, RSS n°3, Singapore Commodity Exchange, 1st contract (¢/kg)",365.38,
2010,410100.01,"Cattle hides, US Chicago packer's heavy native steers, FOB shipping point (¢/lb.)",71.95,
2010,440300.01,"Tropical logs, Sapele, high quality (loyal and marchand), FOB, Cameroon ($/m3)",428.56,
2010,440300.02,"Tropical logs, Okoume (60% CI, 40% CE, 20% CS), West Africa, FOB ($/m3)",291.58,
2010,440700.01,"Sawnwood, Dark Red Meranti, Malaysia, CFR plus commission, UK ($/m3)",848.27,
2010,441200.01,"Plywood, Africa & SE Asia, Lauan, 3-ply, 91cmx182cmx4mm, wholesale Tokyo (¢/sheet)",569.08,
2010,510100.01,"Fine wool, 19 micron, Australia ($/t)",10232.32,
2010,510100.02,"Coarse wool, 23 micron, AWEX auction price, Australia ($/t)",8201.23,
2010,530300.01,"Jute, Bangladesh, BWD, FOB Mongla ($/t)",864.16,
2010,530500.01,"Sisal, Tanzania/Kenya, n° 2 & 3 long, FOB ($/t)",1110.83,
2010,530500.02,"Sisal, Tanzania/Kenya, n° 3 & UG, FOB ($/t)",1009.58,
2011,020100.01,"Beef, Australia/New Zealand, frozen, CIF US ports ($/kg)",4.07,
2011,030212.01,"Salmon, fresh, fish-farm bred, export price, Norway ($/kg)",5.91,
2011,030613.01,"Shrimps, brown, no. 1, shell-on, headless, Mexico ($/kg)",12.11,
2011,080300.01,"Bananas, Central and South America, FOT, US import price ($/kg)",0.96,
2011,080300.02,"Bananas, Central America, Main Brands (average of US East and West Coast prices), FOR (US$/kg)",0.97,
2011,090100.01,"Coffee, Colombian mild Arabicas, ex-dock US (¢/lb.)",283.81,
2011,090100.02,"Coffee, Brazilian and other natural Arabicas, ex-dock USA (¢/lb.)",243.66,
2011,090100.03,"Coffee, other mild Arabicas, ex-dock US (¢/lb.)",273.2,
2011,090100.04,"Coffee, other mild Arabicas, ex-dock EU (¢/lb.)",269.54,
2011,090100.05,"Coffee, Robustas, ex-dock US (¢/lb.)",115.99,
2011,090100.06,"Coffee, Robustas, ex-dock EU (¢/lb.)",107.91,
2011,090200.01,"Tea, Kenya Mombasa/Nairobi, auction price ($/kg)",2.71,
2011,100100.01,"Wheat, United States, n° 2 Hard Red Winter (ordinary), FOB Gulf ($/t)",328.57,
2011,100100.02,"Wheat, Argentina, Trigo Pan, Up River, FOB ($/t)",306.83,
2011,100500.01,"Maize, Argentina, Rosario, Up River, FOB ($/t)",288.43,
2011,100500.02,"Maize, United States, n° 3 yellow, FOB Gulf ($/t)",292.95,
2011,100600.01,"Rice, Thailand, white milled, 5% broken, export price, FOB ($/t)",543.02,
2011,120100.01,"Soybeans, in bulk, United States, n° 2 yellow, CIF Rotterdam ($/t)",537.51,
2011,120810.01,"Soybean meal, in bulk, 45/46% protein, Hamburg FOB ex-mill ($/t)",408.67,
2011,150710.01,"Soybean oil, in bulk, Netherlands, FOB ex-mill ($/t)",1297.66,
2011,150810.01,"Groundnut oil, in bulk, any origin, CIF Rotterdam ($/t)",1866.09,
2011,151110.01,"Palm oil, in bulk, Malaysia/Indonesia, 5% FFA, CIF ($/t)",1193.37,
2011,151211.01,"Sunflower oil, in bulk, European Union, FOB N.W. European ports ($/t)",1597.7,
2011,151311.01,"Coconut oil, in bulk, Philippines/Indonesia, CIF Rotterdam ($/t)",1730.08,
2011,151321.01,"Palm kernel oil, in bulk, Malaysia/Indonesia, CIF Rotterdam ($/t)",1653.64,
2011,170100.01,"Sugar, average of I.S.A. daily prices, FOB & Stowed, in bulk, Caribbean ports (¢/lb.)",25.99,
2011,180100.01,"Cocoa beans, average daily prices New York/London (¢/lb.)",135.17,
2011,230120.01,"Fish meal, in bulk, 64/65% protein, FCA, Bremen ($/t)",1442.05,
2011,240100.01,"Tobacco, unmanufactured, US import unit value  ($/t)",4470.45,
2011,251000.01,"Phosphate rock, Khouribga, 70% BPL, contract, FAS Casablanca ($/t)",163.55,
2011,260800.02,"Zinc, Prime Western, delivered, North America (¢/lb.)",106.23,
2011,270900.01,"Crude oil, UK Brent, light blend API 38°, spot price, FOB UK ports ($/barrel)",110.93,
2011,270900.02,"Crude oil, Dubai, medium, Fateh API 32°, spot price, FOB Dubai ($/barrel)",106.03,
2011,271100.01,"Natural gas, index, Europe, United States and Japan (2010=100)",108.47,
2011,400100.01,"Rubber, TSR 20, New York CIF ($/t)",4794.69,
2011,400100.02,"Rubber, RSS n°3, Singapore Commodity Exchange, 1st contract (¢/kg)",482.31,
2011,410100.01,"Cattle hides, US Chicago packer's heavy native steers, FOB shipping point (¢/lb.)",82,
2011,440300.01,"Tropical logs, Sapele, high quality (loyal and marchand), FOB, Cameroon ($/m3)",484.8,
2011,440300.02,"Tropical logs, Okoume (60% CI, 40% CE, 20% CS), West Africa, FOB ($/m3)",342.76,
2011,440700.01,"Sawnwood, Dark Red Meranti, Malaysia, CFR plus commission, UK ($/m3)",939.44,
2011,441200.01,"Plywood, Africa & SE Asia, Lauan, 3-ply, 91cmx182cmx4mm, wholesale Tokyo (¢/sheet)",607.54,
2011,510100.01,"Fine wool, 19 micron, Australia ($/t)",16381.79,
2011,510100.02,"Coarse wool, 23 micron, AWEX auction price, Australia ($/t)",12091.96,
2011,530300.01,"Jute, Bangladesh, BWD, FOB Mongla ($/t)",638.33,
2011,530500.01,"Sisal, Tanzania/Kenya, n° 2 & 3 long, FOB ($/t)",1430.83,
2011,530500.02,"Sisal, Tanzania/Kenya, n° 3 & UG, FOB ($/t)",1378.75,
2012,020100.01,"Beef, Australia/New Zealand, frozen, CIF US ports ($/kg)",4.2,
2012,030212.01,"Salmon, fresh, fish-farm bred, export price, Norway ($/kg)",4.76,
2012,030613.01,"Shrimps, brown, no. 1, shell-on, headless, Mexico ($/kg)",11.46,
2012,080300.01,"Bananas, Central and South America, FOT, US import price ($/kg)",0.98,
2012,080300.02,"Bananas, Central America, Main Brands (average of US East and West Coast prices), FOR (US$/kg)",0.99,
2012,090100.01,"Coffee, Colombian mild Arabicas, ex-dock US (¢/lb.)",203.87,
2012,090100.02,"Coffee, Brazilian and other natural Arabicas, ex-dock USA (¢/lb.)",171.3,
2012,090100.03,"Coffee, other mild Arabicas, ex-dock US (¢/lb.)",187.52,
2012,090100.04,"Coffee, other mild Arabicas, ex-dock EU (¢/lb.)",185.69,
2012,090100.05,"Coffee, Robustas, ex-dock US (¢/lb.)",110.63,
2012,090100.06,"Coffee, Robustas, ex-dock EU (¢/lb.)",101.35,
2012,090200.01,"Tea, Kenya Mombasa/Nairobi, auction price ($/kg)",2.88,
2012,100100.01,"Wheat, United States, n° 2 Hard Red Winter (ordinary), FOB Gulf ($/t)",328.26,
2012,100100.02,"Wheat, Argentina, Trigo Pan, Up River, FOB ($/t)",295.83,
2012,100500.01,"Maize, Argentina, Rosario, Up River, FOB ($/t)",271.38,
2012,100500.02,"Maize, United States, n° 3 yellow, FOB Gulf ($/t)",300.72,
2012,100600.01,"Rice, Thailand, white milled, 5% broken, export price, FOB ($/t)",562.98,
2012,120100.01,"Soybeans, in bulk, United States, n° 2 yellow, CIF Rotterdam ($/t)",595.5,
2012,120810.01,"Soybean meal, in bulk, 45/46% protein, Hamburg FOB ex-mill ($/t)",531.69,
2012,150710.01,"Soybean oil, in bulk, Netherlands, FOB ex-mill ($/t)",1225.6,
2012,150810.01,"Groundnut oil, in bulk, any origin, CIF Rotterdam ($/t)",2359.05,
2012,151110.01,"Palm oil, in bulk, Malaysia/Indonesia, 5% FFA, CIF ($/t)",1043.39,
2012,151211.01,"Sunflower oil, in bulk, European Union, FOB N.W. European ports ($/t)",1447.64,
2012,151311.01,"Coconut oil, in bulk, Philippines/Indonesia, CIF Rotterdam ($/t)",1110.83,
2012,151321.01,"Palm kernel oil, in bulk, Malaysia/Indonesia, CIF Rotterdam ($/t)",1107.37,
2012,170100.01,"Sugar, average of I.S.A. daily prices, FOB & Stowed, in bulk, Caribbean ports (¢/lb.)",21.54,
2012,180100.01,"Cocoa beans, average daily prices New York/London (¢/lb.)",108.49,
2012,230120.01,"Fish meal, in bulk, 64/65% protein, FCA, Bremen ($/t)",1527.77,
2012,240100.01,"Tobacco, unmanufactured, US import unit value  ($/t)",4301.5,
2012,251000.01,"Phosphate rock, Khouribga, 70% BPL, contract, FAS Casablanca ($/t)",184.92,
2012,260800.02,"Zinc, Prime Western, delivered, North America (¢/lb.)",95.75,
2012,270900.01,"Crude oil, UK Brent, light blend API 38°, spot price, FOB UK ports ($/barrel)",111.96,
2012,270900.02,"Crude oil, Dubai, medium, Fateh API 32°, spot price, FOB Dubai ($/barrel)",108.9,
2012,271100.01,"Natural gas, index, Europe, United States and Japan (2010=100)",99.17,
2012,400100.01,"Rubber, TSR 20, New York CIF ($/t)",3416.48,
2012,400100.02,"Rubber, RSS n°3, Singapore Commodity Exchange, 1st contract (¢/kg)",337.72,
2012,410100.01,"Cattle hides, US Chicago packer's heavy native steers, FOB shipping point (¢/lb.)",83.15,
2012,440122.01,"Non-coniferous woods, UK import price index, dollar equivalent (2010=100)",96.4,
2012,440300.01,"Tropical logs, Sapele, high quality (loyal and marchand), FOB, Cameroon ($/m3)",451.38,
2012,440300.02,"Tropical logs, Okoume (60% CI, 40% CE, 20% CS), West Africa, FOB ($/m3)",330.44,
2012,440700.01,"Sawnwood, Dark Red Meranti, Malaysia, CFR plus commission, UK ($/m3)",876.34,
2012,441200.01,"Plywood, Africa & SE Asia, Lauan, 3-ply, 91cmx182cmx4mm, wholesale Tokyo (¢/sheet)",610.34,
2012,510100.01,"Fine wool, 19 micron, Australia ($/t)",13453.32,
2012,510100.02,"Coarse wool, 23 micron, AWEX auction price, Australia ($/t)",12125.67,
2012,530300.01,"Jute, Bangladesh, BWD, FOB Mongla ($/t)",521.66,
2012,530500.01,"Sisal, Tanzania/Kenya, n° 2 & 3 long, FOB ($/t)",1599.58,
2012,530500.02,"Sisal, Tanzania/Kenya, n° 3 & UG, FOB ($/t)",1486.41,
2013,020100.01,"Beef, Australia/New Zealand, frozen, CIF US ports ($/kg)",4.12,
2013,030212.01,"Salmon, fresh, fish-farm bred, export price, Norway ($/kg)",6.75,
2013,030613.01,"Shrimps, brown, no. 1, shell-on, headless, Mexico ($/kg)",14.17,
2013,080300.01,"Bananas, Central and South America, FOT, US import price ($/kg)",0.92,
2013,080300.02,"Bananas, Central America, Main Brands (average of US East and West Coast prices), FOR (US$/kg)",0.94,
2013,090100.01,"Coffee, Colombian mild Arabicas, ex-dock US (¢/lb.)",148.25,
2013,090100.02,"Coffee, Brazilian and other natural Arabicas, ex-dock USA (¢/lb.)",117.94,
2013,090100.03,"Coffee, other mild Arabicas, ex-dock US (¢/lb.)",141.08,
2013,090100.04,"Coffee, other mild Arabicas, ex-dock EU (¢/lb.)",138.41,
2013,090100.05,"Coffee, Robustas, ex-dock US (¢/lb.)",100.49,
2013,090100.06,"Coffee, Robustas, ex-dock EU (¢/lb.)",92.95,
2013,090200.01,"Tea, Kenya Mombasa/Nairobi, auction price ($/kg)",2.39,
2013,100100.01,"Wheat, United States, n° 2 Hard Red Winter (ordinary), FOB Gulf ($/t)",321.88,
2013,100100.02,"Wheat, Argentina, Trigo Pan, Up River, FOB ($/t)",325.33,
2013,100500.01,"Maize, Argentina, Rosario, Up River, FOB ($/t)",243.36,
2013,100500.02,"Maize, United States, n° 3 yellow, FOB Gulf ($/t)",264.28,
2013,100600.01,"Rice, Thailand, white milled, 5% broken, export price, FOB ($/t)",505.89,
2013,120100.01,"Soybeans, in bulk, United States, n° 2 yellow, CIF Rotterdam ($/t)",551.38,
2013,120810.01,"Soybean meal, in bulk, 45/46% protein, Hamburg FOB ex-mill ($/t)",543.46,
2013,150710.01,"Soybean oil, in bulk, Netherlands, FOB ex-mill ($/t)",1055.39,
2013,150810.01,"Groundnut oil, in bulk, any origin, CIF Rotterdam ($/t)",1820.62,
2013,151110.01,"Palm oil, in bulk, Malaysia/Indonesia, 5% FFA, CIF ($/t)",870.72,
2013,151211.01,"Sunflower oil, in bulk, European Union, FOB N.W. European ports ($/t)",1155.4,
2013,151311.01,"Coconut oil, in bulk, Philippines/Indonesia, CIF Rotterdam ($/t)",939.46,
2013,151321.01,"Palm kernel oil, in bulk, Malaysia/Indonesia, CIF Rotterdam ($/t)",896.91,
2013,170100.01,"Sugar, average of I.S.A. daily prices, FOB & Stowed, in bulk, Caribbean ports (¢/lb.)",17.69,
2013,180100.01,"Cocoa beans, average daily prices New York/London (¢/lb.)",110.63,
2013,230120.01,"Fish meal, in bulk, 64/65% protein, FCA, Bremen ($/t)",1750.81,
2013,240100.01,"Tobacco, unmanufactured, US import unit value  ($/t)",4569.91,
2013,251000.01,"Phosphate rock, Khouribga, 70% BPL, contract, FAS Casablanca ($/t)",126.32,
2013,260800.02,"Zinc, Prime Western, delivered, North America (¢/lb.)",95.57,
2013,270900.01,"Crude oil, UK Brent, light blend API 38°, spot price, FOB UK ports ($/barrel)",108.85,
2013,270900.02,"Crude oil, Dubai, medium, Fateh API 32°, spot price, FOB Dubai ($/barrel)",105.43,
2013,271100.01,"Natural gas, index, Europe, United States and Japan (2010=100)",112.06,
2013,400100.01,"Rubber, TSR 20, New York CIF ($/t)",2746.93,
2013,400100.02,"Rubber, RSS n°3, Singapore Commodity Exchange, 1st contract (¢/kg)",279.45,
2013,410100.01,"Cattle hides, US Chicago packer's heavy native steers, FOB shipping point (¢/lb.)",94.71,
2013,440122.01,"Non-coniferous woods, UK import price index, dollar equivalent (2010=100)",99.38,
2013,440300.01,"Tropical logs, Sapele, high quality (loyal and marchand), FOB, Cameroon ($/m3)",463.52,
2013,440300.02,"Tropical logs, Okoume (60% CI, 40% CE, 20% CS), West Africa, FOB ($/m3)",353.86,
2013,440700.01,"Sawnwood, Dark Red Meranti, Malaysia, CFR plus commission, UK ($/m3)",852.79,
2013,441200.01,"Plywood, Africa & SE Asia, Lauan, 3-ply, 91cmx182cmx4mm, wholesale Tokyo (¢/sheet)",560.23,
2013,510100.01,"Fine wool, 19 micron, Australia ($/t)",11977.48,
2013,510100.02,"Coarse wool, 23 micron, AWEX auction price, Australia ($/t)",11281.38,
2013,510100.03,"Fine wool, 19 Micron, AWEX auction price, Australia ($/t)",11940.73,
2013,530300.01,"Jute, Bangladesh, BWD, FOB Mongla ($/t)",599.16,
2013,530500.01,"Sisal, Tanzania/Kenya, n° 2 & 3 long, FOB ($/t)",1511,
2013,530500.02,"Sisal, Tanzania/Kenya, n° 3 & UG, FOB ($/t)",1395.83,
2014,020100.01,"Beef, Australia/New Zealand, frozen, CIF US ports ($/kg)",5.05,
2014,030212.01,"Salmon, fresh, fish-farm bred, export price, Norway ($/kg)",6.58,
2014,030613.01,"Shrimps, brown, no. 1, shell-on, headless, Mexico ($/kg)",17.79,
2014,080300.01,"Bananas, Central and South America, FOT, US import price ($/kg)",0.92,
2014,080300.02,"Bananas, Central America, Main Brands (average of US East and West Coast prices), FOR (US$/kg)",0.98,
2014,090100.01,"Coffee, Colombian mild Arabicas, ex-dock US (¢/lb.)",198.09,
2014,090100.02,"Coffee, Brazilian and other natural Arabicas, ex-dock USA (¢/lb.)",161.29,
2014,090100.03,"Coffee, other mild Arabicas, ex-dock US (¢/lb.)",202.84,
2014,090100.04,"Coffee, other mild Arabicas, ex-dock EU (¢/lb.)",199.07,
2014,090100.05,"Coffee, Robustas, ex-dock US (¢/lb.)",105.6,
2014,090100.06,"Coffee, Robustas, ex-dock EU (¢/lb.)",99.46,
2014,090200.01,"Tea, Kenya Mombasa/Nairobi, auction price ($/kg)",2.04,
2014,100100.01,"Wheat, United States, n° 2 Hard Red Winter (ordinary), FOB Gulf ($/t)",302.27,
2014,100100.02,"Wheat, Argentina, Trigo Pan, Up River, FOB ($/t)",301.16,
2014,100500.01,"Maize, Argentina, Rosario, Up River, FOB ($/t)",199.87,
2014,100500.02,"Maize, United States, n° 3 yellow, FOB Gulf ($/t)",205.58,
2014,100600.01,"Rice, Thailand, white milled, 5% broken, export price, FOB ($/t)",422.83,
2014,120100.01,"Soybeans, in bulk, United States, n° 2 yellow, CIF Rotterdam ($/t)",484.85,
2014,120810.01,"Soybean meal, in bulk, 45/46% protein, Hamburg FOB ex-mill ($/t)",522.46,
2014,150710.01,"Soybean oil, in bulk, Netherlands, FOB ex-mill ($/t)",905.96,
2014,150810.01,"Groundnut oil, in bulk, any origin, CIF Rotterdam ($/t)",1394.98,
2014,151110.01,"Palm oil, in bulk, Malaysia/Indonesia, 5% FFA, CIF ($/t)",837.46,
2014,151211.01,"Sunflower oil, in bulk, European Union, FOB N.W. European ports ($/t)",920.29,
2014,151311.01,"Coconut oil, in bulk, Philippines/Indonesia, CIF Rotterdam ($/t)",1281.12,
2014,151321.01,"Palm kernel oil, in bulk, Malaysia/Indonesia, CIF Rotterdam ($/t)",1119.69,
2014,170100.01,"Sugar, average of I.S.A. daily prices, FOB & Stowed, in bulk, Caribbean ports (¢/lb.)",16.99,
2014,180100.01,"Cocoa beans, average daily prices New York/London (¢/lb.)",138.97,
2014,230120.01,"Fish meal, in bulk, 64/65% protein, FCA, Bremen ($/t)",1680.64,
2014,240100.01,"Tobacco, unmanufactured, US import unit value  ($/t)",4987.87,
2014,251000.01,"Phosphate rock, Khouribga, 70% BPL, contract, FAS Casablanca ($/t)",110.45,
2014,260800.02,"Zinc, Prime Western, delivered, North America (¢/lb.)",107.12,
2014,270900.01,"Crude oil, UK Brent, light blend API 38°, spot price, FOB UK ports ($/barrel)",98.93,
2014,270900.02,"Crude oil, Dubai, medium, Fateh API 32°, spot price, FOB Dubai ($/barrel)",96.65,
2014,271100.01,"Natural gas, index, Europe, United States and Japan (2010=100)",111.7,
2014,400100.01,"Rubber, TSR 20, New York CIF ($/t)",1960.97,
2014,400100.02,"Rubber, RSS n°3, Singapore Commodity Exchange, 1st contract (¢/kg)",195.14,
2014,410100.01,"Cattle hides, US Chicago packer's heavy native steers, FOB shipping point (¢/lb.)",110.38,
2014,440122.01,"Non-coniferous woods, UK import price index, dollar equivalent (2010=100)",102.83,
2014,440300.01,"Tropical logs, Sapele, high quality (loyal and marchand), FOB, Cameroon ($/m3)",465.16,
2014,440300.02,"Tropical logs, Okoume (60% CI, 40% CE, 20% CS), West Africa, FOB ($/m3)",449.8,
2014,440700.01,"Sawnwood, Dark Red Meranti, Malaysia, CFR plus commission, UK ($/m3)",897.94,
2014,441200.01,"Plywood, Africa & SE Asia, Lauan, 3-ply, 91cmx182cmx4mm, wholesale Tokyo (¢/sheet)",517.32,
2014,510100.01,"Fine wool, 19 micron, Australia ($/t)",10743.81,
2014,510100.02,"Coarse wool, 23 micron, AWEX auction price, Australia ($/t)",10304.13,
2014,510100.03,"Fine wool, 19 Micron, AWEX auction price, Australia ($/t)",10712.3,
2014,530300.01,"Jute, Bangladesh, BWD, FOB Mongla ($/t)",635.41,
2014,530500.01,"Sisal, Tanzania/Kenya, n° 2 & 3 long, FOB ($/t)",1769.58,
2014,530500.02,"Sisal, Tanzania/Kenya, n° 3 & UG, FOB ($/t)",1586.25,
2015,020100.01,"Beef, Australia/New Zealand, frozen, CIF US ports ($/kg)",4.55,
2015,030212.01,"Salmon, fresh, fish-farm bred, export price, Norway ($/kg)",5.32,
2015,030613.01,"Shrimps, brown, no. 1, shell-on, headless, Mexico ($/kg)",13.21,
2015,080300.01,"Bananas, Central and South America, FOT, US import price ($/kg)",0.95,
2015,080300.02,"Bananas, Central America, Main Brands (average of US East and West Coast prices), FOR (US$/kg)",0.98,
2015,090100.01,"Coffee, Colombian mild Arabicas, ex-dock US (¢/lb.)",149.87,
2015,090100.02,"Coffee, Brazilian and other natural Arabicas, ex-dock USA (¢/lb.)",123.09,
2015,090100.03,"Coffee, other mild Arabicas, ex-dock US (¢/lb.)",160.53,
2015,090100.04,"Coffee, other mild Arabicas, ex-dock EU (¢/lb.)",159.53,
2015,090100.05,"Coffee, Robustas, ex-dock US (¢/lb.)",94.2,
2015,090100.06,"Coffee, Robustas, ex-dock EU (¢/lb.)",86.84,
2015,090200.01,"Tea, Kenya Mombasa/Nairobi, auction price ($/kg)",2.96,
2015,100100.01,"Wheat, United States, n° 2 Hard Red Winter (ordinary), FOB Gulf ($/t)",232.3,
2015,100100.02,"Wheat, Argentina, Trigo Pan, Up River, FOB ($/t)",225.16,
2015,100500.01,"Maize, Argentina, Rosario, Up River, FOB ($/t)",169.24,
2015,100500.02,"Maize, United States, n° 3 yellow, FOB Gulf ($/t)",175.51,
2015,100600.01,"Rice, Thailand, white milled, 5% broken, export price, FOB ($/t)",386,
2015,120100.01,"Soybeans, in bulk, United States, n° 2 yellow, CIF Rotterdam ($/t)",392.12,
2015,120810.01,"Soybean meal, in bulk, 45/46% protein, Hamburg FOB ex-mill ($/t)",389.45,
2015,150710.01,"Soybean oil, in bulk, Netherlands, FOB ex-mill ($/t)",755.63,
2015,150810.01,"Groundnut oil, in bulk, any origin, CIF Rotterdam ($/t)",1377.95,
2015,151110.01,"Palm oil, in bulk, Malaysia/Indonesia, 5% FFA, CIF ($/t)",663.39,
2015,151211.01,"Sunflower oil, in bulk, European Union, FOB N.W. European ports ($/t)",888.47,
2015,151311.01,"Coconut oil, in bulk, Philippines/Indonesia, CIF Rotterdam ($/t)",1103.51,
2015,151321.01,"Palm kernel oil, in bulk, Malaysia/Indonesia, CIF Rotterdam ($/t)",903.34,
2015,170100.01,"Sugar, average of I.S.A. daily prices, FOB & Stowed, in bulk, Caribbean ports (¢/lb.)",13.43,
2015,180100.01,"Cocoa beans, average daily prices New York/London (¢/lb.)",142.18,
2015,230120.01,"Fish meal, in bulk, 64/65% protein, FCA, Bremen ($/t)",1554.18,
2015,240100.01,"Tobacco, unmanufactured, US import unit value  ($/t)",4906.2,
2015,251000.01,"Phosphate rock, Khouribga, 70% BPL, contract, FAS Casablanca ($/t)",120.31,
2015,260800.02,"Zinc, Prime Western, delivered, North America (¢/lb.)",95.54,
2015,270900.01,"Crude oil, UK Brent, light blend API 38°, spot price, FOB UK ports ($/barrel)",52.37,
2015,270900.02,"Crude oil, Dubai, medium, Fateh API 32°, spot price, FOB Dubai ($/barrel)",51.17,
2015,271100.01,"Natural gas, index, Europe, United States and Japan (2010=100)",71.57,
2015,400100.01,"Rubber, TSR 20, New York CIF ($/t)",1609.87,
2015,400100.02,"Rubber, RSS n°3, Singapore Commodity Exchange, 1st contract (¢/kg)",157.13,
2015,410100.01,"Cattle hides, US Chicago packer's heavy native steers, FOB shipping point (¢/lb.)",87.59,
2015,440122.01,"Non-coniferous woods, UK import price index, dollar equivalent (2010=100)",92,
2015,440300.01,"Tropical logs, Sapele, high quality (loyal and marchand), FOB, Cameroon ($/m3)",388.57,
2015,440300.02,"Tropical logs, Okoume (60% CI, 40% CE, 20% CS), West Africa, FOB ($/m3)",274.7,
2015,440700.01,"Sawnwood, Dark Red Meranti, Malaysia, CFR plus commission, UK ($/m3)",833.25,
2015,441200.01,"Plywood, Africa & SE Asia, Lauan, 3-ply, 91cmx182cmx4mm, wholesale Tokyo (¢/sheet)",451.24,
2015,510100.01,"Fine wool, 19 micron, Australia ($/t)",10057.53,
2015,510100.02,"Coarse wool, 23 micron, AWEX auction price, Australia ($/t)",9228.33,
2015,510100.03,"Fine wool, 19 Micron, AWEX auction price, Australia ($/t)",10015.4,
2015,530300.01,"Jute, Bangladesh, BWD, FOB Mongla ($/t)",732.5,
2015,530500.01,"Sisal, Tanzania/Kenya, n° 2 & 3 long, FOB ($/t)",2132.91,
2015,530500.02,"Sisal, Tanzania/Kenya, n° 3 & UG, FOB ($/t)",2009.58,
2016,020100.01,"Beef, Australia/New Zealand, frozen, CIF US ports ($/kg)",4.06,
2016,030212.01,"Salmon, fresh, fish-farm bred, export price, Norway ($/kg)",7.17,
2016,030613.01,"Shrimps, brown, no. 1, shell-on, headless, Mexico ($/kg)",11.21,
2016,080300.01,"Bananas, Central and South America, FOT, US import price ($/kg)",1,
2016,080300.02,"Bananas, Central America, Main Brands (average of US East and West Coast prices), FOR (US$/kg)",0.94,
2016,090100.01,"Coffee, Colombian mild Arabicas, ex-dock US (¢/lb.)",155.52,
2016,090100.02,"Coffee, Brazilian and other natural Arabicas, ex-dock USA (¢/lb.)",124.1,
2016,090100.03,"Coffee, other mild Arabicas, ex-dock US (¢/lb.)",164.56,
2016,090100.04,"Coffee, other mild Arabicas, ex-dock EU (¢/lb.)",163.41,
2016,090100.05,"Coffee, Robustas, ex-dock US (¢/lb.)",94.24,
2016,090100.06,"Coffee, Robustas, ex-dock EU (¢/lb.)",87.42,
2016,090200.01,"Tea, Kenya Mombasa/Nairobi, auction price ($/kg)",2.42,
2016,100100.01,"Wheat, United States, n° 2 Hard Red Winter (ordinary), FOB Gulf ($/t)",196.42,
2016,100100.02,"Wheat, Argentina, Trigo Pan, Up River, FOB ($/t)",195.33,
2016,100500.01,"Maize, Argentina, Rosario, Up River, FOB ($/t)",175.41,
2016,100500.02,"Maize, United States, n° 3 yellow, FOB Gulf ($/t)",168.21,
2016,100600.01,"Rice, Thailand, white milled, 5% broken, export price, FOB ($/t)",396.16,
2016,120100.01,"Soybeans, in bulk, United States, n° 2 yellow, CIF Rotterdam ($/t)",405.44,
2016,120810.01,"Soybean meal, in bulk, 45/46% protein, Hamburg FOB ex-mill ($/t)",374.66,
2016,150710.01,"Soybean oil, in bulk, Netherlands, FOB ex-mill ($/t)",814.99,
2016,150810.01,"Groundnut oil, in bulk, any origin, CIF Rotterdam ($/t)",1380.63,
2016,151110.01,"Palm oil, in bulk, Malaysia/Indonesia, 5% FFA, CIF ($/t)",735.7,
2016,151211.01,"Sunflower oil, in bulk, European Union, FOB N.W. European ports ($/t)",867.32,
2016,151311.01,"Coconut oil, in bulk, Philippines/Indonesia, CIF Rotterdam ($/t)",1481.77,
2016,151321.01,"Palm kernel oil, in bulk, Malaysia/Indonesia, CIF Rotterdam ($/t)",1301.31,
2016,170100.01,"Sugar, average of I.S.A. daily prices, FOB & Stowed, in bulk, Caribbean ports (¢/lb.)",18.06,
2016,180100.01,"Cocoa beans, average daily prices New York/London (¢/lb.)",131.18,
2016,230120.01,"Fish meal, in bulk, 64/65% protein, FCA, Bremen ($/t)",1490.63,
2016,240100.01,"Tobacco, unmanufactured, US import unit value  ($/t)",4766.08,
2016,251000.01,"Phosphate rock, Khouribga, 70% BPL, contract, FAS Casablanca ($/t)",110.45,
2016,260800.02,"Zinc, Prime Western, delivered, North America (¢/lb.)",101.36,
2016,270900.01,"Crude oil, UK Brent, light blend API 38°, spot price, FOB UK ports ($/barrel)",44.04,
2016,270900.02,"Crude oil, Dubai, medium, Fateh API 32°, spot price, FOB Dubai ($/barrel)",41.2,
2016,271100.01,"Natural gas, index, Europe, United States and Japan (2010=100)",56.95,
2016,400100.01,"Rubber, TSR 20, New York CIF ($/t)",1532.82,
2016,400100.02,"Rubber, RSS n°3, Singapore Commodity Exchange, 1st contract (¢/kg)",160.51,
2016,410100.01,"Cattle hides, US Chicago packer's heavy native steers, FOB shipping point (¢/lb.)",71.07,
2016,410100.02,"Cattle hides, heavy native steer, plant value, FOB ($/piece)",74.21,
2016,440122.01,"Non-coniferous woods, UK import price index, dollar equivalent (2010=100)",92.62,
2016,440300.01,"Tropical logs, Sapele, high quality (loyal and marchand), FOB, Cameroon ($/m3)",387.4,
2016,440300.02,"Tropical logs, Okoume (60% CI, 40% CE, 20% CS), West Africa, FOB ($/m3)",227.03,
2016,440700.01,"Sawnwood, Dark Red Meranti, Malaysia, CFR plus commission, UK ($/m3)",738.87,
2016,441200.01,"Plywood, Africa & SE Asia, Lauan, 3-ply, 91cmx182cmx4mm, wholesale Tokyo (¢/sheet)",503.26,
2016,510100.01,"Fine wool, 19 micron, Australia ($/t)",11121.74,
2016,510100.02,"Coarse wool, 23 micron, AWEX auction price, Australia ($/t)",10161.5,
2016,510100.03,"Fine wool, 19 Micron, AWEX auction price, Australia ($/t)",11111.71,
2016,530300.01,"Jute, Bangladesh, BWD, FOB Mongla ($/t)",784.16,
2016,530500.01,"Sisal, Tanzania/Kenya, n° 2 & 3 long, FOB ($/t)",2290.41,
2016,530500.02,"Sisal, Tanzania/Kenya, n° 3 & UG, FOB ($/t)",2131.66,
2017,020100.01,"Beef, Australia/New Zealand, frozen, CIF US ports ($/kg)",4.38,
2017,030212.01,"Salmon, fresh, fish-farm bred, export price, Norway ($/kg)",7.42,
2017,030613.01,"Shrimps, brown, no. 1, shell-on, headless, Mexico ($/kg)",13.31,
2017,080300.01,"Bananas, Central and South America, FOT, US import price ($/kg)",1.07,
2017,080300.02,"Bananas, Central America, Main Brands (average of US East and West Coast prices), FOR (US$/kg)",0.93,
2017,090100.01,"Coffee, Colombian mild Arabicas, ex-dock US (¢/lb.)",154.08,
2017,090100.02,"Coffee, Brazilian and other natural Arabicas, ex-dock USA (¢/lb.)",126.55,
2017,090100.03,"Coffee, other mild Arabicas, ex-dock US (¢/lb.)",152.42,
2017,090100.04,"Coffee, other mild Arabicas, ex-dock EU (¢/lb.)",149.51,
2017,090100.05,"Coffee, Robustas, ex-dock US (¢/lb.)",104.08,
2017,090100.06,"Coffee, Robustas, ex-dock EU (¢/lb.)",100.27,
2017,090200.01,"Tea, Kenya Mombasa/Nairobi, auction price ($/kg)",2.97,
2017,100100.01,"Wheat, United States, n° 2 Hard Red Winter (ordinary), FOB Gulf ($/t)",211.83,
2017,100100.02,"Wheat, Argentina, Trigo Pan, Up River, FOB ($/t)",186.13,
2017,100500.01,"Maize, Argentina, Rosario, Up River, FOB ($/t)",159.61,
2017,100500.02,"Maize, United States, n° 3 yellow, FOB Gulf ($/t)",160.81,
2017,100600.01,"Rice, Thailand, white milled, 5% broken, export price, FOB ($/t)",398.91,
2017,120100.01,"Soybeans, in bulk, United States, n° 2 yellow, CIF Rotterdam ($/t)",393.37,
2017,120810.01,"Soybean meal, in bulk, 45/46% protein, Hamburg FOB ex-mill ($/t)",350.24,
2017,150710.01,"Soybean oil, in bulk, Netherlands, FOB ex-mill ($/t)",850.39,
2017,150810.01,"Groundnut oil, in bulk, any origin, CIF Rotterdam ($/t)",1460.79,
2017,151110.01,"Palm oil, in bulk, Malaysia/Indonesia, 5% FFA, CIF ($/t)",750.81,
2017,151211.01,"Sunflower oil, in bulk, European Union, FOB N.W. European ports ($/t)",817.88,
2017,151311.01,"Coconut oil, in bulk, Philippines/Indonesia, CIF Rotterdam ($/t)",1650.65,
2017,151321.01,"Palm kernel oil, in bulk, Malaysia/Indonesia, CIF Rotterdam ($/t)",1288.46,
2017,170100.01,"Sugar, average of I.S.A. daily prices, FOB & Stowed, in bulk, Caribbean ports (¢/lb.)",16.01,
2017,180100.01,"Cocoa beans, average daily prices New York/London (¢/lb.)",92.03,
2017,230120.01,"Fish meal, in bulk, 64/65% protein, FCA, Bremen ($/t)",1366.96,
2017,240100.01,"Tobacco, unmanufactured, US import unit value  ($/t)",4627.35,
2017,251000.01,"Phosphate rock, Khouribga, 70% BPL, contract, FAS Casablanca ($/t)",89.68,
2017,260800.02,"Zinc, Prime Western, delivered, North America (¢/lb.)",139.28,
2017,270900.01,"Crude oil, UK Brent, light blend API 38°, spot price, FOB UK ports ($/barrel)",54.39,
2017,270900.02,"Crude oil, Dubai, medium, Fateh API 32°, spot price, FOB Dubai ($/barrel)",53.11,
2017,271100.01,"Natural gas, index, Europe, United States and Japan (2010=100)",69.06,
2017,400100.01,"Rubber, TSR 20, New York CIF ($/t)",1843.8,
2017,400100.02,"Rubber, RSS n°3, Singapore Commodity Exchange, 1st contract (¢/kg)",199.54,
2017,410100.02,"Cattle hides, heavy native steer, plant value, FOB ($/piece)",68.07,
2017,440122.01,"Non-coniferous woods, UK import price index, dollar equivalent (2010=100)",104.15,
2017,440300.01,"Tropical logs, Sapele, high quality (loyal and marchand), FOB, Cameroon ($/m3)",395.22,
2017,440300.02,"Tropical logs, Okoume (60% CI, 40% CE, 20% CS), West Africa, FOB ($/m3)",266.19,
2017,440700.01,"Sawnwood, Dark Red Meranti, Malaysia, CFR plus commission, UK ($/m3)",702.1,
2017,441200.01,"Plywood, Africa & SE Asia, Lauan, 3-ply, 91cmx182cmx4mm, wholesale Tokyo (¢/sheet)",486.85,
2017,510100.02,"Coarse wool, 23 micron, AWEX auction price, Australia ($/t)",10893.95,
2017,510100.03,"Fine wool, 19 Micron, AWEX auction price, Australia ($/t)",14334.46,
2017,530300.01,"Jute, Bangladesh, BWD, FOB Mongla ($/t)",672.5,
2017,530500.01,"Sisal, Tanzania/Kenya, n° 2 & 3 long, FOB ($/t)",2039.58,
2017,530500.02,"Sisal, Tanzania/Kenya, n° 3 & UG, FOB ($/t)",1802.08,
2018,020100.01,"Beef, Australia/New Zealand, frozen, CIF US ports ($/kg)",4.19,
2018,030212.01,"Salmon, fresh, fish-farm bred, export price, Norway ($/kg)",7.54,
2018,030613.01,"Shrimps, brown, no. 1, shell-on, headless, Mexico ($/kg)",12.23,
2018,080300.01,"Bananas, Central and South America, FOT, US import price ($/kg)",1.14,
2018,090100.01,"Coffee, Colombian mild Arabicas, ex-dock US (¢/lb.)",139.59,
2018,090100.02,"Coffee, Brazilian and other natural Arabicas, ex-dock USA (¢/lb.)",109.58,
2018,090100.03,"Coffee, other mild Arabicas, ex-dock US (¢/lb.)",137.39,
2018,090100.04,"Coffee, other mild Arabicas, ex-dock EU (¢/lb.)",129.1,
2018,090100.05,"Coffee, Robustas, ex-dock US (¢/lb.)",88.32,
2018,090100.06,"Coffee, Robustas, ex-dock EU (¢/lb.)",84.02,
2018,090200.01,"Tea, Kenya Mombasa/Nairobi, auction price ($/kg)",2.58,
2018,100100.01,"Wheat, United States, n° 2 Hard Red Winter (ordinary), FOB Gulf ($/t)",241.06,
2018,100100.02,"Wheat, Argentina, Trigo Pan, Up River, FOB ($/t)",228.59,
2018,100500.01,"Maize, Argentina, Rosario, Up River, FOB ($/t)",172.24,
2018,100500.02,"Maize, United States, n° 3 yellow, FOB Gulf ($/t)",172.36,
2018,100600.01,"Rice, Thailand, white milled, 5% broken, export price, FOB ($/t)",420.66,
2018,120100.01,"Soybeans, in bulk, United States, n° 2 yellow, CIF Rotterdam ($/t)",394.42,
2018,120810.01,"Soybean meal, in bulk, 45/46% protein, Hamburg FOB ex-mill ($/t)",405.22,
2018,150710.01,"Soybean oil, in bulk, Netherlands, FOB ex-mill ($/t)",789.11,
2018,150810.01,"Groundnut oil, in bulk, any origin, CIF Rotterdam ($/t)",1446.04,
2018,151110.01,"Palm oil, in bulk, Malaysia/Indonesia, 5% FFA, CIF ($/t)",638.65,
2018,151211.01,"Sunflower oil, in bulk, European Union, FOB N.W. European ports ($/t)",765.49,
2018,151311.01,"Coconut oil, in bulk, Philippines/Indonesia, CIF Rotterdam ($/t)",996.77,
2018,151321.01,"Palm kernel oil, in bulk, Malaysia/Indonesia, CIF Rotterdam ($/t)",926.47,
2018,170100.01,"Sugar, average of I.S.A. daily prices, FOB & Stowed, in bulk, Caribbean ports (¢/lb.)",12.55,
2018,180100.01,"Cocoa beans, average daily prices New York/London (¢/lb.)",104.04,
2018,230120.01,"Fish meal, in bulk, 64/65% protein, FCA, Bremen ($/t)",1525.1,
2018,240100.01,"Tobacco, unmanufactured, US import unit value  ($/t)",4865.95,
2018,251000.01,"Phosphate rock, Khouribga, 70% BPL, contract, FAS Casablanca ($/t)",87.9,
2018,260800.02,"Zinc, Prime Western, delivered, North America (¢/lb.)",141.04,
2018,270900.01,"Crude oil, UK Brent, light blend API 38°, spot price, FOB UK ports ($/barrel)",71.07,
2018,270900.02,"Crude oil, Dubai, medium, Fateh API 32°, spot price, FOB Dubai ($/barrel)",69.15,
2018,271100.01,"Natural gas, index, Europe, United States and Japan (2010=100)",81.93,
2018,400100.01,"Rubber, TSR 20, New York CIF ($/t)",1614.48,
2018,400100.02,"Rubber, RSS n°3, Singapore Commodity Exchange, 1st contract (¢/kg)",156.53,
2018,410100.02,"Cattle hides, heavy native steer, plant value, FOB ($/piece)",57.82,
2018,440122.01,"Non-coniferous woods, UK import price index, dollar equivalent (2010=100)",118.19,
2018,440300.01,"Tropical logs, Sapele, high quality (loyal and marchand), FOB, Cameroon ($/m3)",413.54,
2018,440300.02,"Tropical logs, Okoume (60% CI, 40% CE, 20% CS), West Africa, FOB ($/m3)",290.3,
2018,440700.01,"Sawnwood, Dark Red Meranti, Malaysia, CFR plus commission, UK ($/m3)",727.94,
2018,441200.01,"Plywood, Africa & SE Asia, Lauan, 3-ply, 91cmx182cmx4mm, wholesale Tokyo (¢/sheet)",494.69,
2018,510100.02,"Coarse wool, 23 micron, AWEX auction price, Australia ($/t)",15150.67,
2018,510100.03,"Fine wool, 19 Micron, AWEX auction price, Australia ($/t)",16593.61,
2018,530300.01,"Jute, Bangladesh, BWD, FOB Mongla ($/t)",797.5,
2018,530500.01,"Sisal, Tanzania/Kenya, n° 2 & 3 long, FOB ($/t)",1987.5,
2018,530500.02,"Sisal, Tanzania/Kenya, n° 3 & UG, FOB ($/t)",1725,
2019,020100.01,"Beef, Australia/New Zealand, frozen, CIF US ports ($/kg)",4.76,
2019,030212.01,"Salmon, fresh, fish-farm bred, export price, Norway ($/kg)",6.94,
2019,030613.01,"Shrimps, brown, no. 1, shell-on, headless, Mexico ($/kg)",12.6,
2019,080300.01,"Bananas, Central and South America, FOT, US import price ($/kg)",1.14,
2019,090100.01,"Coffee, Colombian mild Arabicas, ex-dock US (¢/lb.)",137.06,
2019,090100.02,"Coffee, Brazilian and other natural Arabicas, ex-dock USA (¢/lb.)",100.06,
2019,090100.03,"Coffee, other mild Arabicas, ex-dock US (¢/lb.)",137.45,
2019,090100.04,"Coffee, other mild Arabicas, ex-dock EU (¢/lb.)",125.52,
2019,090100.05,"Coffee, Robustas, ex-dock US (¢/lb.)",80.05,
2019,090100.06,"Coffee, Robustas, ex-dock EU (¢/lb.)",72.15,
2019,090200.01,"Tea, Kenya Mombasa/Nairobi, auction price ($/kg)",2.2,
2019,100100.01,"Wheat, United States, n° 2 Hard Red Winter (ordinary), FOB Gulf ($/t)",219.8,
2019,100100.02,"Wheat, Argentina, Trigo Pan, Up River, FOB ($/t)",227.81,
2019,100500.01,"Maize, Argentina, Rosario, Up River, FOB ($/t)",165.14,
2019,100500.02,"Maize, United States, n° 3 yellow, FOB Gulf ($/t)",176.21,
2019,100600.01,"Rice, Thailand, white milled, 5% broken, export price, FOB ($/t)",418,
2019,120100.01,"Soybeans, in bulk, United States, n° 2 yellow, CIF Rotterdam ($/t)",368.94,
2019,120810.01,"Soybean meal, in bulk, 45/46% protein, Hamburg FOB ex-mill ($/t)",347.02,
2019,150710.01,"Soybean oil, in bulk, Netherlands, FOB ex-mill ($/t)",765.44,
2019,150810.01,"Groundnut oil, in bulk, any origin, CIF Rotterdam ($/t)",1407.37,
2019,151110.01,"Palm oil, in bulk, Malaysia/Indonesia, 5% FFA, CIF ($/t)",601.29,
2019,151211.01,"Sunflower oil, in bulk, European Union, FOB N.W. European ports ($/t)",741.1,
2019,151311.01,"Coconut oil, in bulk, Philippines/Indonesia, CIF Rotterdam ($/t)",735.65,
2019,151321.01,"Palm kernel oil, in bulk, Malaysia/Indonesia, CIF Rotterdam ($/t)",665.39,
2019,170100.01,"Sugar, average of I.S.A. daily prices, FOB & Stowed, in bulk, Caribbean ports (¢/lb.)",12.74,
2019,180100.01,"Cocoa beans, average daily prices New York/London (¢/lb.)",106.17,
2019,230120.01,"Fish meal, in bulk, 64/65% protein, FCA, Bremen ($/t)",1447.98,
2019,240100.01,"Tobacco, unmanufactured, US import unit value  ($/t)",4578.65,
2019,251000.01,"Phosphate rock, Khouribga, 70% BPL, contract, FAS Casablanca ($/t)",87.95,
2019,260800.02,"Zinc, Prime Western, delivered, North America (¢/lb.)",124.13,
2019,270900.01,"Crude oil, UK Brent, light blend API 38°, spot price, FOB UK ports ($/barrel)",64.03,
2019,270900.02,"Crude oil, Dubai, medium, Fateh API 32°, spot price, FOB Dubai ($/barrel)",63.17,
2019,271100.01,"Natural gas, index, Europe, United States and Japan (2010=100)",61.16,
2019,400100.01,"Rubber, TSR 20, New York CIF ($/t)",1662.17,
2019,400100.02,"Rubber, RSS n°3, Singapore Commodity Exchange, 1st contract (¢/kg)",164.03,
2019,440122.01,"Non-coniferous woods, UK import price index, dollar equivalent (2010=100)",113.28,
2019,440300.01,"Tropical logs, Sapele, high quality (loyal and marchand), FOB, Cameroon ($/m3)",391.91,
2019,440300.02,"Tropical logs, Okoume (60% CI, 40% CE, 20% CS), West Africa, FOB ($/m3)",246.29,
2019,440700.01,"Sawnwood, Dark Red Meranti, Malaysia, CFR plus commission, UK ($/m3)",695.88,
2019,441200.01,"Plywood, Africa & SE Asia, Lauan, 3-ply, 91cmx182cmx4mm, wholesale Tokyo (¢/sheet)",500.93,
2019,510100.03,"Fine wool, 19 Micron, AWEX auction price, Australia ($/t)",14183.23,
2019,530300.01,"Jute, Bangladesh, BWD, FOB Mongla ($/t)",809.16,
2019,530500.01,"Sisal, Tanzania/Kenya, n° 2 & 3 long, FOB ($/t)",2018.75,
2019,530500.02,"Sisal, Tanzania/Kenya, n° 3 & UG, FOB ($/t)",1750,
